License: Number,Type,Licensee,Licensee Doing Business As,Public Address Street,Public Address City,Public Zip,Public Address - County,Issue Date,Expiration Date,Effective Date,Full Address,Geo,ZCTA5,Life Exp,HH Income (median),HH Income (mean),TotalPop,PopInsured,GEOID,votes_dem,votes_rep,pct_dem_lead
MMD.0700099,Medical Marijuana Dispensary - Certificate of Operation,Bear River Acquisition Company LLC,Bear River Dispensary,26 Moore St,Delaware,43015-2027,Delaware,2/8/2023,7/1/2025,2/8/2023,"26 Moore St Delaware, OH 43015-2027","(40.29878799999999, -83.0482121)",43015,76.4,"$99,622.00 ","$124,802.00 ","58,425","54,684",39041-DELAWARE CITY 4-F,350,425,-9.5
MMD.0700091,Medical Marijuana Dispensary - Certificate of Operation,"Curaleaf Newark, LLC",Curaleaf,1150 N 21st St,Newark,43055-2924,Licking,12/30/2021,7/1/2025,7/2/2023,"1150 N 21st St Newark, OH 43055-2924","(40.079272, -82.427691)",43055,76.5,"$61,807.00 ","$79,505.00 ","61,959","58,237",39089-NEWARK 6-D,233,328,-16.6
MMD.0700067,Medical Marijuana Dispensary - Certificate of Operation,"Ohio Natural Treatment Solutions, LLC",Zen Leaf Newark,1250 N 21st St,Newark,43055-3061,Licking,6/30/2021,7/1/2025,7/2/2023,"1250 N 21st St Newark, OH 43055-3061","(40.0823422, -82.4273645)",43055,76.5,"$61,807.00 ","$79,505.00 ","61,959","58,237",39089-NEWARK 6-D,233,328,-16.6
MMD.0700061,Medical Marijuana Dispensary - Certificate of Operation,Verdant Creations Newark,Sunnyside,1546 W Church St,Newark,43055-1532,Licking,2/15/2021,7/1/2025,7/2/2023,"1546 W Church St Newark, OH 43055-1532","(40.0578497, -82.4520457)",43055,81.5,"$61,807.00 ","$79,505.00 ","61,959","58,237",39089-NEWARK 5-A,335,570,-25.5
MMD.0700116,Medical Marijuana Dispensary - Certificate of Operation,"Trulieve OH, Inc.",Trulieve Medical Marijuana Dispensary,8295 Sancus Blvd,Columbus,43081-7508,Franklin,6/30/2023,7/1/2025,6/30/2023,"8295 Sancus Blvd Columbus, OH 43081-7508","(40.1348564, -82.9927163)",43081,79.2,"$90,336.00 ","$110,164.00 ","63,995","60,904",39049-COLUMBUS 71-C,764,353,36.3
MMD.0700075,Medical Marijuana Dispensary - Certificate of Operation,"BCCO, LLC",Ohio Provisions,3560 Dolson Ct Ste B,Carroll,43112-8701,Fairfield,10/1/2021,7/1/2025,7/2/2023,"3560 Dolson Ct Ste B Carroll, OH 43112-8701","(39.7602767, -82.6662873)",43112,,"$98,430.00 ","$120,687.00 ","4,836","4,513",39045-GREENFIELD A,236,689,-48.2
MMD.0700154,Medical Marijuana Dispensary - Certificate of Operation,"Big Perm?s Dispensary Ohio, LLC",Debbie's Dispensary,"1100 McArthur Rd NW, Suite 1122",Jeffersonville,43128-1091,Fayette,8/10/2023,7/1/2025,8/10/2023,"1100 McArthur Rd NW, Suite 1122 Jeffersonville, OH 43128-1091","(39.6545241, -83.5364816)",43128,76,"$45,515.00 ","$60,717.00 ","2,038","1,827",39047-JEFFERSONVILLE,138,270,-31.9
MMD.0700071,Medical Marijuana Dispensary - Certificate of Operation,"Cannascend Alternative Logan, LLC",,245 W Main St,Logan,43138-1607,Hocking,6/30/2021,7/1/2025,7/2/2023,"245 W Main St Logan, OH 43138-1607","(39.5402273, -82.4130364)",43138,79.1,"$65,082.00 ","$78,043.00 ","18,968","17,733",39073-LOGAN 1,358,517,-17.9
MMD.0700174,Medical Marijuana Dispensary - Certificate of Operation,"Pure Ohio London, LLC",Pure Ohio London,920 US 42 W,London,43140,Madison,9/15/2020,7/1/2025,7/2/2023,"920 US 42 W London, OH 43140","(39.9518892, -83.3808585)",43140,74.4,"$82,598.00 ","$97,774.00 ","19,635","18,016",39097-DEERCREEK,147,329,-38
MMD.0700149,Medical Marijuana Dispensary - Certificate of Operation,Ohio Bound Inc,Ohio Bound Inc,914 Cleveland Ave,Columbus,43201,Franklin,5/23/2024,7/1/2025,5/23/2024,"914 Cleveland Ave Columbus, OH 43201","(39.9827034, -82.9891138)",43201,67.1,"$43,451.00 ","$74,220.00 ","33,840","31,509",39049-COLUMBUS 13-A,347,46,75.1
MMD.0700077,Medical Marijuana Dispensary - Certificate of Operation,"Harvest of Ohio, LLC",Mavuno,2950 N High St,Columbus,43202-1104,Franklin,8/12/2021,7/1/2025,7/2/2023,"2950 N High St Columbus, OH 43202-1104","(40.022343, -83.01306679999999)",43202,75.7,"$65,689.00 ","$844,984.00 ","20,050","18,377",39049-COLUMBUS 18-B,705,108,72.5
MMD.0700076,Medical Marijuana Dispensary - Certificate of Operation,"CannAscend Ohio Columbus, LLC",Strawberry Fields,2950 E Main St,Columbus,43209-2615,Franklin,7/9/2021,7/1/2025,7/2/2023,"2950 E Main St Columbus, OH 43209-2615","(39.9569171, -82.91975409999999)",43209,77.8,"$88,155.00 ","$142,102.00 ","28,250","26,636",39049-COLUMBUS 27-C,505,240,35
MMD.0700130,Medical Marijuana Dispensary - Certificate of Operation,GNCO 123 LLC,Main Street Medical Cannabis,3111 E Main St,Columbus,43209-2618,Franklin,10/31/2023,7/1/2025,10/31/2023,"3111 E Main St Columbus, OH 43209-2618","(39.9563034, -82.9152185)",43209,77.8,"$88,155.00 ","$142,102.00 ","28,250","26,636",39049-COLUMBUS 47-E,444,120,56.9
MMD.0700087,Medical Marijuana Dispensary - Certificate of Operation,BCR Retail Grandview LLC,Terrasana,656 Grandview Ave,Columbus,43215-1120,Franklin,10/19/2021,7/1/2025,7/2/2023,"656 Grandview Ave Columbus, OH 43215-1120","(39.97061, -83.045041)",43215,,"$74,469.00 ","$108,369.00 ","16,693","15,984",39049-COLUMBUS 10-A,321,108,48.9
MMD.0700081,Medical Marijuana Dispensary - Certificate of Operation,"Greenleaf Apothecaries, LLC",,115 Vine St,Columbus,43215-2307,Franklin,10/1/2021,7/1/2025,7/2/2023,"115 Vine St Columbus, OH 43215-2307","(39.9714197, -83.0057135)",43215,,"$74,469.00 ","$108,369.00 ","16,693","15,984",39049-COLUMBUS 14-E,615,297,34.4
MMD.0700150,Medical Marijuana Dispensary - Certificate of Operation,"Hempnotize, LLC",Nar Reserve,350 E Long St,Columbus,43215-1827,Franklin,6/22/2023,7/1/2025,6/22/2023,"350 E Long St Columbus, OH 43215-1827","(39.9662427, -82.9917887)",43215,,"$74,469.00 ","$108,369.00 ","16,693","15,984",39049-COLUMBUS 08-A,451,107,61.4
MMD.0700036,Medical Marijuana Dispensary - Certificate of Operation,"Verdant Creations, LLC",Verdant Creations Columbus,1243 N Cassady Ave,Columbus,43219,Franklin,10/8/2019,7/1/2025,7/2/2023,"1243 N Cassady Ave Columbus, OH 43219","(39.9957755, -82.9309178)",43219,71.5,"$51,860.00 ","$66,539.00 ","32,358","28,767",39049-COLUMBUS 26-C,346,47,74.9
MMD.0700143,Medical Marijuana Dispensary - Certificate of Operation,"OPC Retail II, LLC",The Landing Dispensary,724 W Gay St,Columbus,43222-1255,Franklin,7/24/2023,7/1/2025,7/24/2023,"724 W Gay St Columbus, OH 43222-1255","(39.9609236, -83.0206961)",43222,,,"$56,877.00 ","4,074","3,609",39049-COLUMBUS 09-B,532,168,51
MMD.0700025,Medical Marijuana Dispensary - Certificate of Operation,"127 OH, LLC",Bloom Medicinals,1361 Georgesville Rd,Columbus,43228-3611,Franklin,7/26/2019,7/1/2025,7/2/2023,"1361 Georgesville Rd Columbus, OH 43228-3611","(39.9254979, -83.11876)",43228,75.7,"$60,895.00 ","$77,438.00 ","58,450","50,348",39049-COLUMBUS 36-C,699,216,51.8
MMD.0700155,Medical Marijuana Dispensary - Certificate of Operation,"Amplify Dispensaries, LLC",Amplify,5304 N Hamilton Rd,Columbus,43230-1318,Franklin,2/7/2023,7/1/2025,2/7/2023,"5304 N Hamilton Rd Columbus, OH 43230-1318","(40.0648578, -82.8611598)",43230,83,"$92,271.00 ","$114,367.00 ","59,082","56,021",39049-COLUMBUS 73-I,476,357,14.2
MMD.0700137,Medical Marijuana Dispensary - Certificate of Operation,"Cherokee Remedies 4, LLC",Saphyre,4066 Morse Rd,Columbus,43230-1448,Franklin,8/8/2023,7/1/2025,8/8/2023,"4066 Morse Rd Columbus, OH 43230-1448","(40.0593308, -82.906072)",43230,77.2,"$92,271.00 ","$114,367.00 ","59,082","56,021",39049-COLUMBUS 62-B,785,249,50.9
MMD.0700120,Medical Marijuana Dispensary - Certificate of Operation,Parkland Ventures LLC,Parkland Ventures,2765 Gender Rd,Columbus,43068,Franklin,4/2/2024,7/1/2025,4/2/2024,"2765 Gender Rd Columbus, OH 43068","(39.9235579, -82.83075529999999)",43232,,"$50,599.00 ","$65,305.00 ","46,596","41,913",39049-COLUMBUS 45-I,485,190,42.7
MMD.0700107,Medical Marijuana Dispensary - Certificate of Operation,Elevated Growth OH LLC,Elevated Growth,7520 High Cross Blvd,Columbus,43235-5681,Franklin,10/2/2023,7/1/2025,10/2/2023,"7520 High Cross Blvd Columbus, OH 43235-5681","(40.116437, -83.01166789999999)",43235,79.8,"$86,758.00 ","$116,788.00 ","44,827","41,500",39049-COLUMBUS 71-A,888,425,34.6
MMD.0700062,Medical Marijuana Dispensary - Certificate of Operation,Verdant Creations Marion,Sunnyside,326 James Way,Marion,43302-5982,Marion,2/15/2021,7/1/2025,7/2/2023,"326 James Way Marion, OH 43302-5982","(40.578403, -83.078712)",43302,76,"$53,833.00 ","$74,937.00 ","49,352","46,592",39101-MARION TWP B,185,367,-32.4
MMD.0700102,Medical Marijuana Dispensary - Certificate of Operation,"The Green Goat Dispensary, LLC",Ohio Cannabis Company,17043 County Highway 113,Harpster,43323-9308,Wyandot,3/15/2023,7/1/2025,3/15/2023,"17043 County Highway 113 Harpster, OH 43323-9308","(40.7392236, -83.2538072)",43323,85.5,"$52,163.00 ","$71,505.00 ",578,529,39175-PITT TWP,128,465,-56.2
MMD.0700144,Medical Marijuana Dispensary - Certificate of Operation,VC5 Holdings LLC,Verdant Creations,876 State Route 61,Marengo,43334-8712,Morrow,8/10/2023,7/1/2025,8/10/2023,"876 State Route 61 Marengo, OH 43334-8712","(40.385153, -82.829081)",43334,,"$84,510.00 ","$104,587.00 ","6,263","5,791",39117-BENNINGTON TWP WEST,236,673,-47.2
MMD.0700058,Medical Marijuana Dispensary - Certificate of Operation,"Glass City Alternatives, LLC",Zen Leaf Bowling Green,1155 N Main St,Bowling Green,43402-1310,Wood,12/29/2020,7/1/2025,7/2/2023,"1155 N Main St Bowling Green, OH 43402-1310","(41.3935703, -83.65117409999999)",43402,,"$56,245.00 ","$79,631.00 ","31,012","29,656",39173-BOWLING GREEN 4-D,437,379,6.9
MMD.0700132,Medical Marijuana Dispensary - Certificate of Operation,"Nectar Markets of Ohio, LLC",Nectar Medical Cannabis Dispensary,1011 S Main St,Bowling Green,43402-4720,Wood,3/10/2023,7/1/2025,3/10/2023,"1011 S Main St Bowling Green, OH 43402-4720","(41.3595782, -83.6499769)",43402,75.4,"$56,245.00 ","$79,631.00 ","31,012","29,656",39173-BOWLING GREEN 2-D,414,239,26.2
MMD.0700088,Medical Marijuana Dispensary - Certificate of Operation,BCR Retail Fremont LLC,Terrasana,1800 E State St,Fremont,43420-4000,Sandusky,10/19/2021,7/1/2025,7/2/2023,"1800 E State St Fremont, OH 43420-4000","(41.34239050000001, -83.0855019)",43420,73.4,"$62,802.00 ","$76,882.00 ","29,012","27,121",39143-FREMONT CITY 3-B,303,414,-15.2
MMD.0700030,Medical Marijuana Dispensary - Certificate of Operation,"127 OH, LLC",Bloom Medicinals,1238 Conant St,Maumee,43537-1608,Lucas,9/4/2019,7/1/2025,7/2/2023,"1238 Conant St Maumee, OH 43537-1608","(41.5713066, -83.65797049999999)",43537,80.3,"$85,919.00 ","$114,669.00 ","29,220","28,549",39095-MAUMEE 09,521,456,6.6
MMD.0700148,Medical Marijuana Dispensary - Certificate of Operation,"Theory Wellness of Ohio Retail, LLC",Theory Wellness,9915 Us Highway 127,Sherwood,43556-9001,Defiance,5/5/2023,7/1/2025,5/5/2023,"9915 Us Highway 127 Sherwood, OH 43556-9001","(41.29758, -84.55275100000001)",43556,78.7,"$67,500.00 ","$82,323.00 ","1,746","1,706",39039-SHERWOOD VLG,92,250,-44
MMD.0700133,Medical Marijuana Dispensary - Certificate of Operation,"Statewide Property Holdings Ohio, LLC",WyldSkye,3534 Dorr St,Toledo,43607-1101,Lucas,5/2/2023,7/1/2025,5/2/2023,"3534 Dorr St Toledo, OH 43607-1101","(41.65311270000001, -83.627381)",43607,,"$37,442.00 ","$49,920.00 ","19,809","18,647",39095-TOLEDO 06F,262,43,71.3
MMD.0700015,Medical Marijuana Dispensary - Certificate of Operation,"GTI Ohio, LLC",RISE Toledo,3157 W Sylvania Ave,Toledo,43613-4131,Lucas,5/1/2019,7/1/2025,7/2/2023,"3157 W Sylvania Ave Toledo, OH 43613-4131","(41.6915087, -83.6203345)",43613,80.4,"$63,425.00 ","$73,506.00 ","30,597","29,062",39095-TOLEDO 21E,375,234,22.8
MMD.0700135,Medical Marijuana Dispensary - Certificate of Operation,"SEO Natural Enterprises, LLC",Backroad Wellness,5748 Glenn Hwy,Cambridge,43725-8769,Guernsey,3/30/2023,7/1/2025,3/30/2023,"5748 Glenn Hwy Cambridge, OH 43725-8769","(40.0116795, -81.63505099999999)",43725,71.2,"$51,612.00 ","$66,899.00 ","19,424","17,995",39059-ADAMS B,89,275,-50.7
MMD.0700089,Medical Marijuana Dispensary - Certificate of Operation,"Ohio Cannabis Clinic, LLC",Ohio Provisions,23024 County Road 621 Ste 1,Coshocton,43812-8969,Coshocton,12/21/2021,7/1/2025,7/2/2023,"23024 County Road 621 Ste 1 Coshocton, OH 43812-8969","(40.2865604, -81.8633838)",43812,77.2,"$51,930.00 ","$63,989.00 ","18,509","17,486",39031-JACKSON,221,839,-57.6
MMD.0700139,Medical Marijuana Dispensary - Certificate of Operation,Ohio Griz LLC,Story of Coshocton,115 N 2nd St,Coshocton,43812-1560,Coshocton,5/25/2023,7/1/2025,5/25/2023,"115 N 2nd St Coshocton, OH 43812-1560","(40.274398, -81.8695151)",43812,70.4,"$51,930.00 ","$63,989.00 ","18,509","17,486",39031-COSHOCTON 2-A,194,310,-22.7
MMD.0700007,Medical Marijuana Dispensary - Certificate of Operation,"Farmaceutical RX 2, LLC",FRX Dispensary East Liverpool,1865 Dresden Ave,East Liverpool,43920-9059,Columbiana,2/6/2019,7/1/2025,7/2/2023,"1865 Dresden Ave East Liverpool, OH 43920-9059","(40.6361952, -80.5848824)",43920,72.1,"$50,820.00 ","$66,865.00 ","20,850","19,068",39029-E LIVERPOOL 3-B,195,341,-26.9
MMD.0700002,Medical Marijuana Dispensary - Certificate of Operation,"Cresco Labs Ohio, LLC",Sunnyside,180 Main St,Wintersville,43953-3734,Jefferson,12/12/2018,7/1/2025,7/2/2023,"180 Main St Wintersville, OH 43953-3734","(40.3722122, -80.68889109999999)",43953,,"$73,648.00 ","$90,323.00 ","11,516","10,967",39081-WINTERSVILLE A,215,451,-35
MMD.0700003,Medical Marijuana Dispensary - Certificate of Operation,"GLP Ohio, LLC",Ohio Valley Natural Relief,840 Canton Rd,Wintersville,43953-4110,Jefferson,1/14/2019,7/1/2025,7/2/2023,"840 Canton Rd Wintersville, OH 43953-4110","(40.3903523, -80.7231733)",43953,75.8,"$73,648.00 ","$90,323.00 ","11,516","10,967",39081-WINTERSVILLE D,180,353,-32.3
MMD.0700114,Medical Marijuana Dispensary - Certificate of Operation,Italian Herbs LLC,Italian Herbs,2712 W Prospect Rd,Ashtabula,44004-6336,Ashtabula,4/12/2023,7/1/2025,4/12/2023,"2712 W Prospect Rd Ashtabula, OH 44004-6336","(41.8522211, -80.82040649999999)",44004,73.6,"$49,507.00 ","$64,767.00 ","30,709","28,838",39007-SAYBROOK TWP 2,167,212,-11.6
MMD.0700162,Medical Marijuana Dispensary - Certificate of Operation,CREAM Apothecaries Ohio LLC,CREAM Apothecaries Ohio LLC,914 Cleveland St,Elyria,44035,Lorain ,5/31/2024,7/1/2025,5/31/2024,"914 Cleveland St Elyria, OH 44035","(41.3799443, -82.07017859999999)",44035,72.1,"$54,362.00 ","$70,012.00 ","61,432","57,020",39093-ELYRIA CITY 7-B,444,397,5.5
MMD.0700171,Medical Marijuana Dispensary - Certificate of Operation,"NMG OH 1, LLC",FRX Elyria Craft Cannabis Medical Dispensary,709 Sugar Ln,Elyria,44035-6313,Lorain,10/11/2023,7/1/2025,10/11/2023,"709 Sugar Ln Elyria, OH 44035-6313","(41.3582867, -82.0735377)",44035,77.5,"$54,362.00 ","$70,012.00 ","61,432","57,020",39093-ELYRIA CITY 1-D,331,282,7.7
MMD.0700016,Medical Marijuana Dispensary - Certificate of Operation,"GTI Ohio, LLC",RISE Lorain,1920 Cooper Foster Park Rd W,Lorain,44053-3607,Lorain,5/1/2019,7/1/2025,7/2/2023,"1920 Cooper Foster Park Rd W Lorain, OH 44053-3607","(41.4187088, -82.2012582)",44053,77.3,"$65,332.00 ","$81,259.00 ","21,025","19,554",39093-LORAIN CITY 4-A,469,353,13.8
MMD.0700101,Medical Marijuana Dispensary - Certificate of Operation,"Citizen Real Estate, LLC",The Citizen by Klutch,5152 Grove Ave,Lorain,44055-3610,Lorain,1/11/2023,7/1/2025,1/11/2023,"5152 Grove Ave Lorain, OH 44055-3610","(41.4222306, -82.119941)",44055,,"$36,603.00 ","$49,833.00 ","19,867","17,815",39093-SHEFFIELD TWP EAST,186,255,-15.5
MMD.0700018,Medical Marijuana Dispensary - Certificate of Operation,"127 OH, LLC",Bloom Medicinals,382 Blackbrook Rd,Painesville,44077-1294,Lake,5/16/2019,7/1/2025,7/2/2023,"382 Blackbrook Rd Painesville, OH 44077-1294","(41.7241353, -81.2821546)",44077,79.1,"$80,692.00 ","$103,395.00 ","57,428","53,534",39085-PAINESVILLE TWP J,210,374,-27.6
MMD.0700083,Medical Marijuana Dispensary - Certificate of Operation,"Greenleaf Apothecaries, LLC",,30133 Euclid Ave,Wickliffe,44092-1652,Lake,10/1/2021,7/1/2025,7/2/2023,"30133 Euclid Ave Wickliffe, OH 44092-1652","(41.616153, -81.4617531)",44092,76.7,"$67,907.00 ","$84,367.00 ","17,210","16,568",39085-WICKLIFFE CITY 3B,427,416,1.3
MMD.0700131,Medical Marijuana Dispensary - Certificate of Operation,"INSA Ohio, LLC",Insa,27751 Chardon Rd,Willoughby Hills,44092-2701,Lake,5/2/2023,7/1/2025,5/2/2023,"27751 Chardon Rd Willoughby Hills, OH 44092-2701","(41.5833927, -81.4845223)",44092,79.9,"$67,907.00 ","$84,367.00 ","17,210","16,568",39085-WILLOUGHBY HILLS CITY CC,546,482,6.2
MMD.0700159,Medical Marijuana Dispensary - Certificate of Operation,"Shangri-La Cleveland, LLC",Shangri-La Dispensary,4618 Saint Clair Ave,Cleveland,44103-1206,Cuyahoga,8/28/2023,7/1/2025,8/28/2023,"4618 Saint Clair Ave Cleveland, OH 44103-1206","(41.5181012, -81.65989979999999)",44103,79,"$24,219.00 ","$35,090.00 ","13,336","12,241",39035-CLEVELAND 10-I,283,77,56.7
MMD.0700092,Medical Marijuana Dispensary - Certificate of Operation,"Amplify CH, LLC",Amplify,1782 Coventry Rd,Cleveland Heights,44118-1630,Cuyahoga,3/16/2022,7/1/2025,7/2/2023,"1782 Coventry Rd Cleveland Heights, OH 44118-1630","(41.5109934, -81.5802769)",44106,,"$42,869.00 ","$78,322.00 ","23,983","23,168",39035-CLEVELAND HEIGHTS 1-D,489,37,85
MMD.0700047,Medical Marijuana Dispensary - Certificate of Operation,"GTI Ohio 2, LLC",Rise Lakewood Madison,11818 Madison Ave,Lakewood,44107-5252,Cuyahoga,12/18/2019,7/1/2025,7/2/2023,"11818 Madison Ave Lakewood, OH 44107-5252","(41.4771284, -81.7711908)",44107,,"$65,778.00 ","$92,084.00 ","50,047","46,574",39035-LAKEWOOD 4-G,395,135,48.4
MMD.0700052,Medical Marijuana Dispensary - Certificate of Operation,"GTI Ohio, LLC",RISE Lakewood Detroit,18607 Detroit Ave,Lakewood,44107-3205,Cuyahoga,3/11/2020,7/1/2025,7/2/2023,"18607 Detroit Ave Lakewood, OH 44107-3205","(41.4813173, -81.82748769999999)",44107,,"$65,778.00 ","$92,084.00 ","50,047","46,574",39035-LAKEWOOD 1-E,773,189,59.7
MMD.0700160,Medical Marijuana Dispensary - Certificate of Operation,"Green Power OH, LLC",Green Power,13429 Lakewood Heights Blvd,Cleveland,44107-6220,Cuyahoga,6/3/2024,7/1/2025,6/3/2024,"13429 Lakewood Heights Blvd Cleveland, OH 44107-6220","(41.47026049999999, -81.78425469999999)",44111,77.9,"$54,790.00 ","$68,819.00 ","39,854","36,199",39035-CLEVELAND 16-Q,330,135,41.8
MMD.0700095,Medical Marijuana Dispensary - Certificate of Operation,"OPC Retail II, LLC",The Landing Dispensary,1978 W 3rd St,Cleveland,44113-2525,Cuyahoga,12/6/2022,7/1/2025,12/6/2022,"1978 W 3rd St Cleveland, OH 44113-2525","(41.4914582, -81.6893865)",44113,,"$70,140.00 ","$98,667.00 ","17,654","16,858",39035-CLEVELAND 03-L,942,323,48.5
MMD.0700082,Medical Marijuana Dispensary - Certificate of Operation,"Greenleaf Apothecaries, LLC",,3865 Lakeside Ave E,Cleveland,44114-3843,Cuyahoga,10/1/2021,7/1/2025,7/2/2023,"3865 Lakeside Ave E Cleveland, OH 44114-3843","(41.5181327, -81.6673804)",44114,79,"$45,400.00 ","$64,578.00 ","7,409","6,893",39035-CLEVELAND 03-L,942,323,48.5
MMD.0700026,Medical Marijuana Dispensary - Certificate of Operation,"GTI Ohio, LLC",RISE Cleveland,1222 Prospect Ave E,Cleveland,44115-1210,Cuyahoga,7/30/2019,7/1/2025,7/2/2023,"1222 Prospect Ave E Cleveland, OH 44115-1210","(41.4993775, -81.68202339999999)",44115,,"$21,293.00 ","$46,430.00 ","10,303","9,931",39035-CLEVELAND 05-R,191,23,77.1
MMD.0700164,Medical Marijuana Dispensary - Certificate of Operation,"Nectar Markets of Ohio, LLC",Nectar Medical Cannabis Dispensary,21100 Saint Clair Ave,Euclid,44117-1022,Cuyahoga,4/17/2023,7/1/2025,4/17/2023,"21100 Saint Clair Ave Euclid, OH 44117-1022","(41.5816901, -81.53416109999999)",44117,74.8,"$41,818.00 ","$56,075.00 ","9,071","8,371",39035-EUCLID 2-C,547,106,67.1
MMD.0700158,Medical Marijuana Dispensary - Certificate of Operation,"Twice The Wellness, LLC",Ayr Dispensary,"27900 Chagrin Blvd, Suites 900B and 900C",Woodmere,44122,Cuyahoga,10/30/2023,7/1/2025,10/30/2023,"27900 Chagrin Blvd, Suites 900B and 900C Woodmere, OH 44122","(41.4619165, -81.4814662)",44122,,"$97,469.00 ","$153,781.00 ","36,105","35,336",39035-WOODMERE A,307,41,75.4
MMD.0700086,Medical Marijuana Dispensary - Certificate of Operation,BCR Retail Cleveland LLC,Terrasana,10500 Antenucci Blvd Ste 200,Garfield Heights,44125,Cuyahoga,10/19/2021,7/1/2025,7/2/2023,"10500 Antenucci Blvd Ste 200 Garfield Heights, OH 44125","(41.41108029999999, -81.61121229999999)",44125,78.3,"$55,524.00 ","$69,806.00 ","28,973","26,683",39035-GARFIELD HEIGHTS 5-B,599,249,40.7
MMD.0700157,Medical Marijuana Dispensary - Certificate of Operation,Good River Wellness LLC,Good River Wellness,27101 Euclid Ave,Euclid,44132-3409,Cuyahoga,10/26/2023,7/1/2025,10/26/2023,"27101 Euclid Ave Euclid, OH 44132-3409","(41.5924212, -81.4951082)",44132,71.6,"$46,014.00 ","$58,375.00 ","13,985","12,924",39035-EUCLID 3-C,448,24,89.1
MMD.0700173,Medical Marijuana Dispensary - Certificate of Operation,Amplify Bedford LLC,Amplify,22803 Rockside Rd,Bedford,44146-1510,Cuyahoga,12/15/2023,7/1/2025,12/15/2023,"22803 Rockside Rd Bedford, OH 44146-1510","(41.4081693, -81.5228451)",44146,77,"$53,049.00 ","$72,439.00 ","29,200","28,021",39035-BEDFORD 2-A,436,124,54.7
MMD.0700090,Medical Marijuana Dispensary - Certificate of Operation,"Curaleaf Cuyahoga Falls, LLC",Curaleaf,1220 Buchholzer Blvd Ste C,Cuyahoga Falls,44221-5179,Summit,12/30/2021,7/1/2025,7/2/2023,"1220 Buchholzer Blvd Ste C Cuyahoga Falls, OH 44221-5179","(41.1195356, -81.47098419999999)",44221,79.5,"$61,893.00 ","$75,862.00 ","29,147","26,995",39153-CUYAHOGA FALLS 1-C,379,309,10
MMD.0700142,Medical Marijuana Dispensary - Certificate of Operation,FRX Health of Cuyahoga Falls LLC,FRX Health,1682 State Rd,Cuyahoga Falls,44223-1304,Summit,12/19/2023,7/1/2025,12/19/2023,"1682 State Rd Cuyahoga Falls, OH 44223-1304","(41.1287556, -81.5088291)",44223,80.1,"$89,046.00 ","$117,747.00 ","18,139","17,478",39153-CUYAHOGA FALLS 3-B,430,271,22.5
MMD.0700119,Medical Marijuana Dispensary - Certificate of Operation,Next-Level Operators LLC,Bliss Ohio,331 E Main St,Kent,44240-2540,Portage,4/19/2023,7/1/2025,4/19/2023,"331 E Main St Kent, OH 44240-2540","(41.1540651, -81.3534592)",44240,81.2,"$57,415.00 ","$78,082.00 ","37,686","35,645",39133-KENT 5-A,250,45,67.9
MMD.0700125,Medical Marijuana Dispensary - Certificate of Operation,"Simple AG Ohio, LLC",Supergood,554 N Chestnut St,Ravenna,44266-2259,Portage,4/4/2023,7/1/2025,4/4/2023,"554 N Chestnut St Ravenna, OH 44266-2259","(41.16522399999999, -81.2423075)",44266,75.4,"$61,211.00 ","$78,762.00 ","31,937","29,947",39133-RAVENNA 2-C,290,258,5.8
MMD.0700112,Medical Marijuana Dispensary - Certificate of Operation,"Culture Retail Partners of Ohio, Inc.",Culture Cannabis Club,1568 E Archwood Ave,Akron,44306-3212,Summit,10/6/2023,7/1/2025,10/6/2023,"1568 E Archwood Ave Akron, OH 44306-3212","(41.0477249, -81.4708824)",44306,75.5,"$41,105.00 ","$47,789.00 ","20,958","18,851",39153-AKRON 10-A,310,291,3.1
MMD.0700080,Medical Marijuana Dispensary - Certificate of Operation,"Greenleaf Apothecaries, LLC",,46 S Summit St,Akron,44308-1719,Summit,10/1/2021,7/1/2025,7/2/2023,"46 S Summit St Akron, OH 44308-1719","(41.08287929999999, -81.514403)",44308,65.7,"$15,473.00 ","$74,850.00 ","1,261","1,156",39153-AKRON 01-B,83,27,50.5
MMD.0700045,Medical Marijuana Dispensary - Certificate of Operation,"127 OH, LLC",Bloom Medicinals,737 E North St,Akron,44305-1115,Summit,10/29/2019,7/1/2025,7/2/2023,"737 E North St Akron, OH 44305-1115","(41.087978, -81.4910733)",44310,71.4,"$38,912.00 ","$51,538.00 ","24,203","20,591",39153-AKRON 02-A,190,140,14.8
MMD.0700152,Medical Marijuana Dispensary - Certificate of Operation,"B Cubed Operations Ohio, LLC",ACA Dispensary,437 E Liberty St,Hubbard,44425-2135,Trumbull,12/19/2023,7/1/2025,12/19/2023,"437 E Liberty St Hubbard, OH 44425-2135","(41.1557063, -80.56158289999999)",44425,82.3,"$62,287.00 ","$84,058.00 ","13,315","12,936",39155-HUBBARD CITY 1A,193,292,-20.2
MMD.0700151,Medical Marijuana Dispensary - Certificate of Operation,"Green Leaf Therapy, LLC",Green Leaf Therapy,93 S Bridge St,Struthers,44471-1949,Mahoning,4/25/2023,7/1/2025,4/25/2023,"93 S Bridge St Struthers, OH 44471-1949","(41.057511, -80.5873809)",44471,74,"$52,811.00 ","$67,617.00 ","10,244","9,681",39099-STRUTHERS CITY 1 A,115,114,0.4
MMD.0700074,Medical Marijuana Dispensary - Certificate of Operation,"Green Leaf Medical of Ohio II, LLC",,2932 Youngstown Rd SE,Warren,44484-5281,Trumbull,6/11/2021,7/1/2025,7/2/2023,"2932 Youngstown Rd SE Warren, OH 44484-5281","(41.220921, -80.7824096)",44484,70.4,"$65,435.00 ","$85,820.00 ","21,439","20,283",39155-WARREN CITY 5F,306,207,19
MMD.0700020,Medical Marijuana Dispensary - Certificate of Operation,QUEST WELLNESS OHIO II LLC,Leaf Relief,4323 Market St,Youngstown,44512-1509,Mahoning,6/20/2019,7/1/2025,7/2/2023,"4323 Market St Youngstown, OH 44512-1509","(41.0551925, -80.66223289999999)",44512,77.9,"$62,311.00 ","$79,107.00 ","32,517","31,189",39099-YOUNGSTOWN CITY 6 D,260,85,50.3
MMD.0700100,Medical Marijuana Dispensary - Certificate of Operation,Ratio Cannabis LLC,Ratio,1145 W High Ave,New Philadelphia,44663-9618,Tuscarawas,2/14/2023,7/1/2025,2/14/2023,"1145 W High Ave New Philadelphia, OH 44663-9618","(40.493513, -81.4684767)",44663,,"$62,383.00 ","$74,772.00 ","24,494","22,563",39157-NEW PHILA 1-A,144,254,-26.9
MMD.0700128,Medical Marijuana Dispensary - Certificate of Operation,"Citizen Real Estate, LLC",The Citizen by Klutch,401 Cherry Ave NE,Canton,44702-1154,Stark,6/23/2023,7/1/2025,6/23/2023,"401 Cherry Ave NE Canton, OH 44702-1154","(40.799983, -81.37061609999999)",44702,,"$13,159.00 ","$20,758.00 ",843,826,39151-CANTON CITY 2-B,236,106,37.2
MMD.0700084,Medical Marijuana Dispensary - Certificate of Operation,"Greenleaf Apothecaries, LLC",,3840 Greentree Ave SW,Canton,44706-4025,Stark,10/1/2021,7/1/2025,7/2/2023,"3840 Greentree Ave SW Canton, OH 44706-4025","(40.7542648, -81.4013093)",44706,75.9,"$55,474.00 ","$65,712.00 ","16,445","15,360",39151-CANTON TWP 1,328,525,-22.7
MMD.0700141,Medical Marijuana Dispensary - Certificate of Operation,"The Green Goat Dispensary, LLC",Ohio Cannabis Company,4016 Greentree Ave SW,Canton,44706-4015,Stark,7/19/2023,7/1/2025,7/19/2023,"4016 Greentree Ave SW Canton, OH 44706-4015","(40.7518153, -81.4021145)",44706,75.9,"$55,474.00 ","$65,712.00 ","16,445","15,360",39151-CANTON TWP 1,328,525,-22.7
MMD.0700068,Medical Marijuana Dispensary - Certificate of Operation,"Mother Know's Best, LLC",Zen Leaf Canton,3224 Cleveland Ave NW,Canton,44709-2815,Stark,6/30/2021,7/1/2025,7/2/2023,"3224 Cleveland Ave NW Canton, OH 44709-2815","(40.8342306, -81.3880125)",44709,,"$53,144.00 ","$69,213.00 ","18,527","17,245",39151-CANTON CITY 7-G,368,279,13.6
MMD.0700065,Medical Marijuana Dispensary - Certificate of Operation,"OPC RETAIL, LLC",Firelands Scientific,2300 University Dr E,Huron,44839-9173,Erie,5/21/2021,7/1/2025,7/2/2023,"2300 University Dr E Huron, OH 44839-9173","(41.3963462, -82.58420389999999)",44839,78.8,"$77,377.00 ","$100,866.00 ","12,460","11,929",39043-HURON CITY F,326,399,-9.9
MMD.0700134,Medical Marijuana Dispensary - Certificate of Operation,"Ohio Patient Access, LLC",Ascend Dispensary Outlet,6019 Milan Rd,Sandusky,44870-5869,Erie,11/29/2023,7/1/2025,11/29/2023,"6019 Milan Rd Sandusky, OH 44870-5869","(41.3961536, -82.6525218)",44870,77.1,"$58,797.00 ","$75,184.00 ","38,988","36,600",39043-PERKINS TWP 02,391,623,-22.5
MMD.0700006,Medical Marijuana Dispensary - Certificate of Operation,"THE FOREST SANDUSKY, LLC",,5020 Milan Rd,Sandusky,44870-5844,Erie,1/14/2019,7/1/2025,7/2/2023,"5020 Milan Rd Sandusky, OH 44870-5844","(41.40657580000001, -82.6614719)",44870,,"$58,797.00 ","$75,184.00 ","38,988","36,600",39043-PERKINS TWP 03,302,399,-13.7
MMD.0700146,Medical Marijuana Dispensary - Certificate of Operation,"Marimed OH, LLC",Thrive Wellness Dispensary,318 W Market St,Tiffin,44883-2733,Seneca,6/7/2023,7/1/2025,6/7/2023,"318 W Market St Tiffin, OH 44883-2733","(41.1136263, -83.191317)",44883,75.7,"$62,497.00 ","$79,745.00 ","28,069","26,705",39147-TIFFIN 3-B,159,279,-26.9
MMD.0700156,Medical Marijuana Dispensary - Certificate of Operation,Canoe Hill Ohio LLC,Queen City Cannabis Medical Dispensary,10140 Suspension Bridge Rd,Harrison,45030-7539,Hamilton,11/30/2023,7/1/2025,11/30/2023,"10140 Suspension Bridge Rd Harrison, OH 45030-7539","(39.1826118, -84.78932859999999)",45002,67.9,"$84,597.00 ","$121,249.00 ","14,647","13,986",39061-WHITEWATER A,184,759,-60.1
MMD.0700093,Medical Marijuana Dispensary - Certificate of Operation,"Therapeutic Healing Care II, LLC",Ethos,1525 Genntown Dr Ste B5,Lebanon,45036-7323,Warren,4/25/2022,7/1/2025,7/2/2023,"1525 Genntown Dr Ste B5 Lebanon, OH 45036-7323","(39.4564848, -84.1753939)",45036,81.4,"$97,944.00 ","$138,969.00 ","38,127","36,294",39165-TURTLECREEK TWP D,189,605,-52
MMD.0700072,Medical Marijuana Dispensary - Certificate of Operation,"Cannascend Alternative, LLC",,300 N Main St,Monroe,45050-1495,Butler,6/30/2021,7/1/2025,7/2/2023,"300 N Main St Monroe, OH 45050-1495","(39.4484637, -84.3566989)",45050,79,"$104,519.00 ","$112,283.00 ","12,005","11,765",39017-MONROE CITY 1,333,589,-27.3
MMD.0700121,Medical Marijuana Dispensary - Certificate of Operation,Deaver Ohio LLC,The Landing Dispensary,1312 SR-63,Monroe,45050,Warren,5/16/2023,7/1/2025,5/16/2023,"1312 SR-63 Monroe, OH 45050","(39.4401656, -84.3288864)",45050,73.3,"$104,519.00 ","$112,283.00 ","12,005","11,765",39165-TURTLECREEK TWP L,246,535,-36.4
MMD.0700110,Medical Marijuana Dispensary - Certificate of Operation,"Shangri-La Dispensary Ohio, LLC",Shangri-La Dispensary,100 Clarence F Warner Dr,Monroe,45050-3200,Butler,7/5/2023,7/1/2025,7/5/2023,"100 Clarence F Warner Dr Monroe, OH 45050-3200","(39.4422693, -84.3436777)",45050,79,"$104,519.00 ","$112,283.00 ","12,005","11,765",39017-MONROE CITY 1,333,589,-27.3
MMD.0700106,Medical Marijuana Dispensary - Certificate of Operation,"Shangri-La Monroe West, LLC",Shangri-La Dispensary,211 Brooks Dr,Monroe,45050-1883,Butler,5/23/2023,7/1/2025,5/23/2023,"211 Brooks Dr Monroe, OH 45050-1883","(39.440844, -84.32837599999999)",45050,,"$104,519.00 ","$112,283.00 ","12,005","11,765",39165-TURTLECREEK TWP L,246,535,-36.4
MMD.0700115,Medical Marijuana Dispensary - Certificate of Operation,LMTT LLC,Consume Oxford,3620 Southpoint Pkwy,Oxford,45056-8006,Butler,2/6/2023,7/1/2025,2/6/2023,"3620 Southpoint Pkwy Oxford, OH 45056-8006","(39.490565, -84.72086999999999)",45056,80.2,"$53,413.00 ","$78,944.00 ","27,366","26,555",39017-OXFORD CITY 04,398,121,52.7
MMD.0700127,Medical Marijuana Dispensary - Certificate of Operation,"RJK Holdings of Ohio, LLC",Pure Iconic,5280 College Corner Pike,Oxford,45056-1047,Butler,4/27/2023,7/1/2025,4/27/2023,"5280 College Corner Pike Oxford, OH 45056-1047","(39.5202457, -84.7588712)",45056,79.6,"$53,413.00 ","$78,944.00 ","27,366","26,555",39017-OXFORD CITY 09,369,234,21.9
MMD.0700031,Medical Marijuana Dispensary - Certificate of Operation,"127 OH, LLC",Bloom Medicinals,403 S Main St,Seven Mile,45011,Butler,9/10/2019,7/1/2025,7/2/2023,"403 S Main St Seven Mile, OH 45011","(39.4745578, -84.5490636)",45062,74.8,"$53,552.00 ","$67,507.00 ",667,622,39017-ST CLAIR TWP 2,59,202,-54.2
MMD.0700138,Medical Marijuana Dispensary - Certificate of Operation,"Heaven Wellness, LLC",Ayr Wellness,6722 State Route 132,Goshen,45122-9249,Clermont,11/1/2023,7/1/2025,11/1/2023,"6722 State Route 132 Goshen, OH 45122-9249","(39.2300472, -84.1631329)",45122,76.9,"$62,500.00 ","$70,513.00 ","11,195","10,180",39025-GOSHEN TWP A,141,559,-59.4
MMD.0700060,Medical Marijuana Dispensary - Certificate of Operation,"PharmaCann Hillsboro, LLC",Verilife,1098 N High St,Hillsboro,45133-8500,Highland,1/22/2021,7/1/2025,7/2/2023,"1098 N High St Hillsboro, OH 45133-8500","(39.2189318, -83.608121)",45133,75,"$58,813.00 ","$71,667.00 ","23,260","21,046",39071-HILLSBORO 1 NE,172,422,-41.3
MMD.0700140,Medical Marijuana Dispensary - Certificate of Operation,"Cascade Southern Ohio, LLC",Uplift,401 Rivers Edge,Milford,45150-2589,Clermont,4/19/2023,7/1/2025,4/19/2023,"401 Rivers Edge Milford, OH 45150-2589","(39.16128399999999, -84.270353)",45150,82.8,"$91,780.00 ","$116,737.00 ","32,938","31,238",39025-MILFORD CITY E,221,229,-1.7
MMD.0700097,Medical Marijuana Dispensary - Certificate of Operation,"Cascade Southern Ohio, LLC",Uplift,101 Mercy Blvd,Mount Orab,45154-0296,Brown,1/18/2023,7/1/2025,1/18/2023,"101 Mercy Blvd Mount Orab, OH 45154-0296","(39.044246, -83.94090530000001)",45154,,"$77,345.00 ","$85,503.00 ","9,094","8,391",39015-STERLING TWP SOUTH,151,645,-61.3
MMD.0700105,Medical Marijuana Dispensary - Certificate of Operation,"Ohio Patient Access, LLC",Ascend Dispensary Outlet,830 Reedy St,Cincinnati,45202-2216,Hamilton,1/3/2024,7/1/2025,1/3/2024,"830 Reedy St Cincinnati, OH 45202-2216","(39.1068452, -84.5052777)",45202,,"$87,930.00 ","$124,663.00 ","16,340","15,465",39061-CINCINNATI 06-D,857,101,77.6
MMD.0700122,Medical Marijuana Dispensary - Certificate of Operation,"Canoe Hill Ohio 2, LLC",Story of Cincinnati,3950 Edwards Rd,Cincinnati,45209-1928,Hamilton,9/7/2023,7/1/2025,9/7/2023,"3950 Edwards Rd Cincinnati, OH 45209-1928","(39.1516166, -84.44196939999999)",45209,75.5,"$87,841.00 ","$122,191.00 ","10,601","10,028",39061-CINCINNATI 04-H,770,355,36
MMD.0700147,Medical Marijuana Dispensary - Certificate of Operation,Heritage Wellness Ohio LLC,Story of Cincinnati II,3944 Edwards Rd,Cincinnati,45209-1928,Hamilton,8/22/2023,7/1/2025,8/22/2023,"3944 Edwards Rd Cincinnati, OH 45209-1928","(39.1513591, -84.4419022)",45209,75.5,"$87,841.00 ","$122,191.00 ","10,601","10,028",39061-CINCINNATI 04-H,770,355,36
MMD.0700136,Medical Marijuana Dispensary - Certificate of Operation,"Nectar Markets of Ohio, LLC",Nectar Medical Cannabis Dispensary,3405 Werk Rd,Cincinnati,45211-6832,Hamilton,5/15/2023,7/1/2025,5/15/2023,"3405 Werk Rd Cincinnati, OH 45211-6832","(39.1409372, -84.61715149999999)",45211,76.2,"$54,582.00 ","$70,902.00 ","36,671","33,926",39061-CINCINNATI 26-G,379,245,21
MMD.0700109,Medical Marijuana Dispensary - Certificate of Operation,Aron OH LLC,The Landing Dispensary,4029 Smith Rd,Cincinnati,45209-1923,Hamilton,9/28/2023,7/1/2025,9/28/2023,"4029 Smith Rd Cincinnati, OH 45209-1923","(39.1515102, -84.4462653)",45212,73.4,"$63,698.00 ","$82,143.00 ","20,829","18,798",39061-NORWOOD 2-C,411,327,11.2
MMD.0700113,Medical Marijuana Dispensary - Certificate of Operation,"Canoe Hill Ohio 3, LLC",Queen City Cannabis Medical Dispensary,3764 Montgomery Rd,Norwood,45212-3739,Hamilton,1/10/2024,7/1/2025,1/10/2024,"3764 Montgomery Rd Norwood, OH 45212-3739","(39.1481057, -84.46595339999999)",45212,74.2,"$63,698.00 ","$82,143.00 ","20,829","18,798",39061-NORWOOD 2-B,503,315,22.3
MMD.0700063,Medical Marijuana Dispensary - Certificate of Operation,Care Med Associates LLC,Sunnyside,5149 Kennedy Ave,Cincinnati,45213-2617,Hamilton,2/15/2021,7/1/2025,7/2/2023,"5149 Kennedy Ave Cincinnati, OH 45213-2617","(39.1668757, -84.42108259999999)",45213,,"$70,897.00 ","$96,142.00 ","11,183","10,625",39061-CINCINNATI 02-A,779,213,56.3
MMD.0700029,Medical Marijuana Dispensary - Certificate of Operation,"Pharmacann Ohio, LLC",Verilife,5431 Ridge Ave,Cincinnati,45213-2513,Hamilton,9/4/2019,7/1/2025,7/2/2023,"5431 Ridge Ave Cincinnati, OH 45213-2513","(39.1712411, -84.4279158)",45213,72.9,"$70,897.00 ","$96,142.00 ","11,183","10,625",39061-CINCINNATI 14-H,778,158,65.3
MMD.0700066,Medical Marijuana Dispensary - Certificate of Operation,"GreenRx, LLC",Zen Leaf Cincinnati,8420 Vine St,Cincinnati,45216-1116,Hamilton,7/1/2021,7/1/2025,7/2/2023,"8420 Vine St Cincinnati, OH 45216-1116","(39.216159, -84.473405)",45216,73.5,"$51,602.00 ","$69,697.00 ","9,415","7,934",39061-CINCINNATI 24-G,604,402,19.7
MMD.0700098,Medical Marijuana Dispensary - Certificate of Operation,Campbell Hill Ventures LLC,BEYOND / HELLO,693 Old State Route 74,Cincinnati,45245,Clermont,12/29/2022,7/1/2025,12/29/2022,"693 Old State Route 74 Cincinnati, OH 45245","(39.105528, -84.2853452)",45244,78.4,"$108,413.00 ","$157,965.00 ","28,689","27,378",39025-UNION TWP G,269,460,-25.8
MMD.0700104,Medical Marijuana Dispensary - Certificate of Operation,"The Forest Cincinnati, LLC",The Forest Cincinnati,4412 Mount Carmel Tobasco Rd,Cincinnati,45244-2201,Clermont,8/28/2023,7/1/2025,8/28/2023,"4412 Mount Carmel Tobasco Rd Cincinnati, OH 45244-2201","(39.0967213, -84.30001910000001)",45244,76.3,"$108,413.00 ","$157,965.00 ","28,689","27,378",39025-UNION TWP X,151,320,-34.8
MMD.0700129,Medical Marijuana Dispensary - Certificate of Operation,"Ohio Patient Access, LLC",Ascend Dispensary Outlet,1206 Recker Rd,Piqua,45356-4114,Miami,12/22/2023,7/1/2025,12/22/2023,"1206 Recker Rd Piqua, OH 45356-4114","(40.1504445, -84.2159338)",45356,75,"$66,134.00 ","$74,100.00 ","24,937","23,666",39109-SPRINGCREEK EAST,137,485,-55.2
MMD.0700108,Medical Marijuana Dispensary - Certificate of Operation,"The Green Goat Dispensary, LLC",Ohio Cannabis Company,8866 N County Road 25a,Piqua,45356-8504,Miami,6/1/2023,7/1/2025,6/1/2023,"8866 N County Road 25a Piqua, OH 45356-8504","(40.1660163, -84.226871)",45356,75,"$66,134.00 ","$74,100.00 ","24,937","23,666",39109-PIQUA 4-D/E,189,324,-25.9
MMD.0700073,Medical Marijuana Dispensary - Certificate of Operation,"Cannascend Alternative, LLC",,333 Wayne Ave,Dayton,45410-1115,Montgomery,6/30/2021,7/1/2025,7/2/2023,"333 Wayne Ave Dayton, OH 45410-1115","(39.7564218, -84.1817942)",45402,,"$45,386.00 ","$66,325.00 ","9,197","8,561",39113-DAYTON 23-A,482,122,58.1
MMD.0700123,Medical Marijuana Dispensary - Certificate of Operation,OTC Ohio LLC,Off the Charts,3145 Salem Ave,Dayton,45406,Montgomery,4/11/2024,7/1/2025,4/11/2024,"3145 Salem Ave Dayton, OH 45406","(39.7905886, -84.2408286)",45406,73.7,"$43,241.00 ","$64,568.00 ","20,083","18,378",39113-DAYTON 16-B,396,23,87.1
MMD.0700118,Medical Marijuana Dispensary - Certificate of Operation,"Guaranteed Investments OH, LLC",Guaranteed Dispensary,1910 Wayne Ave,Dayton,45410-2133,Montgomery,5/12/2023,7/1/2025,5/12/2023,"1910 Wayne Ave Dayton, OH 45410-2133","(39.74316350000001, -84.1669671)",45410,72.8,"$46,766.00 ","$57,807.00 ","15,547","14,043",39113-DAYTON 08-D,371,281,13.5
MMD.0700046,Medical Marijuana Dispensary - Certificate of Operation,"Pure Ohio Dayton, LLC",Pure Ohio Wellness,1875 Needmore Rd,Dayton,45414-3805,Montgomery,11/4/2019,7/1/2025,7/2/2023,"1875 Needmore Rd Dayton, OH 45414-3805","(39.8199092, -84.2018971)",45414,69.7,"$53,824.00 ","$77,245.00 ","20,378","19,252",39113-DAYTON 03-D,296,209,17.1
MMD.0700124,Medical Marijuana Dispensary - Certificate of Operation,GRD Ohio LLC,Green Releaf,3620 Germantown St,Dayton,45417-4130,Montgomery,4/4/2023,7/1/2025,4/4/2023,"3620 Germantown St Dayton, OH 45417-4130","(39.7339648, -84.2520471)",45417,71,"$35,027.00 ","$49,202.00 ","27,082","25,137",39113-DAYTON 14-D,427,22,88.4
MMD.0700079,Medical Marijuana Dispensary - Certificate of Operation,"Harvest of Ohio, LLC",Mavuno,4370 Tonawanda Trl,Beavercreek,45430-1951,Greene,9/21/2021,7/1/2025,7/2/2023,"4370 Tonawanda Trl Beavercreek, OH 45430-1951","(39.6975629, -84.0999027)",45430,78.5,"$107,500.00 ","$125,584.00 ","7,014","6,899",39057-BEAVERCREEK 012,206,276,-14.3
MMD.0700145,Medical Marijuana Dispensary - Certificate of Operation,"Daily Releaf, LLC",Ayr Dispensary,4918 Airway Rd,Riverside,45431-1374,Montgomery,11/8/2023,7/1/2025,11/8/2023,"4918 Airway Rd Riverside, OH 45431-1374","(39.7693486, -84.1206875)",45431,74.2,"$80,058.00 ","$96,748.00 ","25,501","24,007",39113-RIVERSIDE C,446,515,-6.9
MMD.0700069,Medical Marijuana Dispensary - Certificate of Operation,"Mad River Remedies, LLC",Zen Leaf Dayton,5604 Airway Rd,Riverside,45431-1506,Montgomery,7/8/2021,7/1/2025,7/2/2023,"5604 Airway Rd Riverside, OH 45431-1506","(39.77075869999999, -84.10603379999999)",45431,,"$80,058.00 ","$96,748.00 ","25,501","24,007",39113-PAGE MANOR,312,260,8.9
MMD.0700056,Medical Marijuana Dispensary - Certificate of Operation,"The Forest Springfield, LLC",,1711 W Main St,Springfield,45504-2835,Clark,10/29/2020,7/1/2025,7/2/2023,"1711 W Main St Springfield, OH 45504-2835","(39.9258381, -83.8386541)",45504,69.6,"$67,334.00 ","$90,006.00 ","16,253","15,157",39023-SPRINGFIELD CITY 15,209,328,-21.6
MMD.0700085,Medical Marijuana Dispensary - Certificate of Operation,BCR Retail Springfield LLC,Terrasana,183 Raydo Cir,Springfield,45506-3556,Clark,10/19/2021,7/1/2025,7/2/2023,"183 Raydo Cir Springfield, OH 45506-3556","(39.89326080000001, -83.816768)",45506,76.5,"$40,132.00 ","$59,624.00 ","13,286","12,313",39023-SPRINGFIELD TWP 03,328,549,-24.6
MMD.0700064,Medical Marijuana Dispensary - Certificate of Operation,Verdant Creations Chillicothe,Sunnyside,1641 N Bridge St,Chillicothe,45601-4106,Ross,2/15/2021,7/1/2025,7/2/2023,"1641 N Bridge St Chillicothe, OH 45601-4106","(39.3696288, -82.9755812)",45601,73.2,"$57,430.00 ","$76,989.00 ","51,492","48,421",39141-SPRINGFIELD NORTH,247,622,-42.6
MMD.0700096,Medical Marijuana Dispensary - Certificate of Operation,"Jackson Pharm, LLC",Herbal Wellness Center,3 Acy Ave Ste A,Jackson,45640-8551,Jackson,12/12/2022,7/1/2025,7/2/2023,"3 Acy Ave Ste A Jackson, OH 45640-8551","(39.0349267, -82.6028128)",45640,,"$62,813.00 ","$82,398.00 ","16,156","15,205",39079-LICK II,152,399,-44.5
MMD.0700165,Medical Marijuana Dispensary - Certificate of Operation,"SEO Natural Enterprises, LLC",Backroad Wellness,3210 Rhodes Ave,New Boston,45662-4912,Scioto,6/21/2023,7/1/2025,6/21/2023,"3210 Rhodes Ave New Boston, OH 45662-4912","(38.744287, -82.9493756)",45662,72.2,"$37,345.00 ","$57,022.00 ","26,436","25,143",39145-NEW BOSTON 1-A,159,235,-19
MMD.0700103,Medical Marijuana Dispensary - Certificate of Operation,Southern Ohio Botanicals LLC,Southern Ohio Botanicals,15451 Us Highway 23,Waverly,45690-9338,Pike,5/19/2023,7/1/2025,5/19/2023,"15451 Us Highway 23 Waverly, OH 45690-9338","(39.125625, -82.9875911)",45690,77.3,"$48,201.00 ","$80,475.00 ","13,250","12,795",39131-WAVERLY WARD 5 GOVT CENTER,118,253,-35.8
MMD.0700117,Medical Marijuana Dispensary - Certificate of Operation,"Big Perm?s Dispensary Ohio, LLC",Debbie's Dispensary,544 Richland Ave,Athens,45701-3703,Athens,8/14/2023,7/1/2025,8/14/2023,"544 Richland Ave Athens, OH 45701-3703","(39.3034457, -82.1023381)",45701,80.7,"$49,604.00 ","$79,475.00 ","33,238","31,761",39009-ATHENS 2-3,389,128,49.6
MMD.0700078,Medical Marijuana Dispensary - Certificate of Operation,"The Mavuno Group, LLC",Mavuno of Athens,711 W Union St,Athens,45701-9410,Athens,9/1/2021,7/1/2025,7/2/2023,"711 W Union St Athens, OH 45701-9410","(39.3288892, -82.12832929999999)",45701,75.9,"$49,604.00 ","$79,475.00 ","33,238","31,761",39009-ATHENS 1-3,367,83,62
MMD.0700070,Medical Marijuana Dispensary - Certificate of Operation,"Cannascend Alternative, LLC",,414 Greene St,Marietta,45750-3214,Washington,6/30/2021,7/1/2025,7/2/2023,"414 Greene St Marietta, OH 45750-3214","(39.4134632, -81.4469323)",45750,74.6,"$56,883.00 ","$87,924.00 ","25,988","24,487",39167-MARIETTA 1A,286,317,-5
MMD.0700111,Medical Marijuana Dispensary - Certificate of Operation,"SEO Natural Enterprises, LLC",Backroad Wellness,1503 Harding Hwy,Lima,45804-3173,Allen,3/30/2023,7/1/2025,3/30/2023,"1503 Harding Hwy Lima, OH 45804-3173","(40.7312011, -84.0783141)",45804,69.1,"$42,594.00 ","$59,158.00 ","14,070","12,933",39003-BATH I (0055),103,340,-52.8
MMD.0700126,Medical Marijuana Dispensary - Certificate of Operation,Ohio Holistic Health LLC,Ohio Holistic Health LLC,215 W 5th St,Delphos,45833-1417,Van Wert,4/10/2024,7/1/2025,4/10/2024,"215 W 5th St Delphos, OH 45833-1417","(40.8466226, -84.3416532)",45833,77.5,"$66,919.00 ","$82,351.00 ","10,676","10,390",39161-DELPHOS 4A,47,196,-60.6
MMD.0700059,Medical Marijuana Dispensary - Certificate of Operation,"Eagle Dispensaries 2, LLC",Verilife,502 N Dixie Hwy,Wapakoneta,45895-7757,Auglaize,1/22/2021,7/1/2025,7/2/2023,"502 N Dixie Hwy Wapakoneta, OH 45895-7757","(40.575133, -84.1832079)",45895,76,"$72,965.00 ","$87,477.00 ","17,817","17,173",39011-WAPAKONETA 2A,135,325,-40.5
