Licensee Doing Business As,Public Zip,votes_dem,votes_rep,pct_dem_lead,PopInsured,TotalPop,Life Exp,HH Income (median),HH Income (mean),Licensee,Public Address Street,Public Address City,Public Address - County,Issue Date,Expiration Date,Effective Date,Full Address,Geo,ZCTA5,GEOID
Bear River Dispensary,43015-2027,350,425,-9.5,"54,684","58,425",76.4,"$99,622.00 ","$124,802.00 ",Bear River Acquisition Company LLC,26 Moore St,Delaware,Delaware,2/8/2023,7/1/2025,2/8/2023,"26 Moore St Delaware, OH 43015-2027","(40.29878799999999, -83.0482121)",43015,39041-DELAWARE CITY 4-F
Curaleaf,43055-2924,233,328,-16.6,"58,237","61,959",76.5,"$61,807.00 ","$79,505.00 ","Curaleaf Newark, LLC",1150 N 21st St,Newark,Licking,12/30/2021,7/1/2025,7/2/2023,"1150 N 21st St Newark, OH 43055-2924","(40.079272, -82.427691)",43055,39089-NEWARK 6-D
Zen Leaf Newark,43055-3061,233,328,-16.6,"58,237","61,959",76.5,"$61,807.00 ","$79,505.00 ","Ohio Natural Treatment Solutions, LLC",1250 N 21st St,Newark,Licking,6/30/2021,7/1/2025,7/2/2023,"1250 N 21st St Newark, OH 43055-3061","(40.0823422, -82.4273645)",43055,39089-NEWARK 6-D
Sunnyside,43055-1532,335,570,-25.5,"58,237","61,959",81.5,"$61,807.00 ","$79,505.00 ",Verdant Creations Newark,1546 W Church St,Newark,Licking,2/15/2021,7/1/2025,7/2/2023,"1546 W Church St Newark, OH 43055-1532","(40.0578497, -82.4520457)",43055,39089-NEWARK 5-A
Trulieve Medical Marijuana Dispensary,43081-7508,764,353,36.3,"60,904","63,995",79.2,"$90,336.00 ","$110,164.00 ","Trulieve OH, Inc.",8295 Sancus Blvd,Columbus,Franklin,6/30/2023,7/1/2025,6/30/2023,"8295 Sancus Blvd Columbus, OH 43081-7508","(40.1348564, -82.9927163)",43081,39049-COLUMBUS 71-C
Ohio Provisions,43112-8701,236,689,-48.2,"4,513","4,836",,"$98,430.00 ","$120,687.00 ","BCCO, LLC",3560 Dolson Ct Ste B,Carroll,Fairfield,10/1/2021,7/1/2025,7/2/2023,"3560 Dolson Ct Ste B Carroll, OH 43112-8701","(39.7602767, -82.6662873)",43112,39045-GREENFIELD A
Debbie's Dispensary,43128-1091,138,270,-31.9,"1,827","2,038",76,"$45,515.00 ","$60,717.00 ","Big Perm?s Dispensary Ohio, LLC","1100 McArthur Rd NW, Suite 1122",Jeffersonville,Fayette,8/10/2023,7/1/2025,8/10/2023,"1100 McArthur Rd NW, Suite 1122 Jeffersonville, OH 43128-1091","(39.6545241, -83.5364816)",43128,39047-JEFFERSONVILLE
,43138-1607,358,517,-17.9,"17,733","18,968",79.1,"$65,082.00 ","$78,043.00 ","Cannascend Alternative Logan, LLC",245 W Main St,Logan,Hocking,6/30/2021,7/1/2025,7/2/2023,"245 W Main St Logan, OH 43138-1607","(39.5402273, -82.4130364)",43138,39073-LOGAN 1
Pure Ohio London,43140,147,329,-38,"18,016","19,635",74.4,"$82,598.00 ","$97,774.00 ","Pure Ohio London, LLC",920 US 42 W,London,Madison,9/15/2020,7/1/2025,7/2/2023,"920 US 42 W London, OH 43140","(39.9518892, -83.3808585)",43140,39097-DEERCREEK
Ohio Bound Inc,43201,347,46,75.1,"31,509","33,840",67.1,"$43,451.00 ","$74,220.00 ",Ohio Bound Inc,914 Cleveland Ave,Columbus,Franklin,5/23/2024,7/1/2025,5/23/2024,"914 Cleveland Ave Columbus, OH 43201","(39.9827034, -82.9891138)",43201,39049-COLUMBUS 13-A
Mavuno,43202-1104,705,108,72.5,"18,377","20,050",75.7,"$65,689.00 ","$844,984.00 ","Harvest of Ohio, LLC",2950 N High St,Columbus,Franklin,8/12/2021,7/1/2025,7/2/2023,"2950 N High St Columbus, OH 43202-1104","(40.022343, -83.01306679999999)",43202,39049-COLUMBUS 18-B
Strawberry Fields,43209-2615,505,240,35,"26,636","28,250",77.8,"$88,155.00 ","$142,102.00 ","CannAscend Ohio Columbus, LLC",2950 E Main St,Columbus,Franklin,7/9/2021,7/1/2025,7/2/2023,"2950 E Main St Columbus, OH 43209-2615","(39.9569171, -82.91975409999999)",43209,39049-COLUMBUS 27-C
Main Street Medical Cannabis,43209-2618,444,120,56.9,"26,636","28,250",77.8,"$88,155.00 ","$142,102.00 ",GNCO 123 LLC,3111 E Main St,Columbus,Franklin,10/31/2023,7/1/2025,10/31/2023,"3111 E Main St Columbus, OH 43209-2618","(39.9563034, -82.9152185)",43209,39049-COLUMBUS 47-E
Terrasana,43215-1120,321,108,48.9,"15,984","16,693",,"$74,469.00 ","$108,369.00 ",BCR Retail Grandview LLC,656 Grandview Ave,Columbus,Franklin,10/19/2021,7/1/2025,7/2/2023,"656 Grandview Ave Columbus, OH 43215-1120","(39.97061, -83.045041)",43215,39049-COLUMBUS 10-A
,43215-2307,615,297,34.4,"15,984","16,693",,"$74,469.00 ","$108,369.00 ","Greenleaf Apothecaries, LLC",115 Vine St,Columbus,Franklin,10/1/2021,7/1/2025,7/2/2023,"115 Vine St Columbus, OH 43215-2307","(39.9714197, -83.0057135)",43215,39049-COLUMBUS 14-E
Nar Reserve,43215-1827,451,107,61.4,"15,984","16,693",,"$74,469.00 ","$108,369.00 ","Hempnotize, LLC",350 E Long St,Columbus,Franklin,6/22/2023,7/1/2025,6/22/2023,"350 E Long St Columbus, OH 43215-1827","(39.9662427, -82.9917887)",43215,39049-COLUMBUS 08-A
Verdant Creations Columbus,43219,346,47,74.9,"28,767","32,358",71.5,"$51,860.00 ","$66,539.00 ","Verdant Creations, LLC",1243 N Cassady Ave,Columbus,Franklin,10/8/2019,7/1/2025,7/2/2023,"1243 N Cassady Ave Columbus, OH 43219","(39.9957755, -82.9309178)",43219,39049-COLUMBUS 26-C
The Landing Dispensary,43222-1255,532,168,51,"3,609","4,074",,,"$56,877.00 ","OPC Retail II, LLC",724 W Gay St,Columbus,Franklin,7/24/2023,7/1/2025,7/24/2023,"724 W Gay St Columbus, OH 43222-1255","(39.9609236, -83.0206961)",43222,39049-COLUMBUS 09-B
Bloom Medicinals,43228-3611,699,216,51.8,"50,348","58,450",75.7,"$60,895.00 ","$77,438.00 ","127 OH, LLC",1361 Georgesville Rd,Columbus,Franklin,7/26/2019,7/1/2025,7/2/2023,"1361 Georgesville Rd Columbus, OH 43228-3611","(39.9254979, -83.11876)",43228,39049-COLUMBUS 36-C
Amplify,43230-1318,476,357,14.2,"56,021","59,082",83,"$92,271.00 ","$114,367.00 ","Amplify Dispensaries, LLC",5304 N Hamilton Rd,Columbus,Franklin,2/7/2023,7/1/2025,2/7/2023,"5304 N Hamilton Rd Columbus, OH 43230-1318","(40.0648578, -82.8611598)",43230,39049-COLUMBUS 73-I
Saphyre,43230-1448,785,249,50.9,"56,021","59,082",77.2,"$92,271.00 ","$114,367.00 ","Cherokee Remedies 4, LLC",4066 Morse Rd,Columbus,Franklin,8/8/2023,7/1/2025,8/8/2023,"4066 Morse Rd Columbus, OH 43230-1448","(40.0593308, -82.906072)",43230,39049-COLUMBUS 62-B
Parkland Ventures,43068,485,190,42.7,"41,913","46,596",,"$50,599.00 ","$65,305.00 ",Parkland Ventures LLC,2765 Gender Rd,Columbus,Franklin,4/2/2024,7/1/2025,4/2/2024,"2765 Gender Rd Columbus, OH 43068","(39.9235579, -82.83075529999999)",43232,39049-COLUMBUS 45-I
Elevated Growth,43235-5681,888,425,34.6,"41,500","44,827",79.8,"$86,758.00 ","$116,788.00 ",Elevated Growth OH LLC,7520 High Cross Blvd,Columbus,Franklin,10/2/2023,7/1/2025,10/2/2023,"7520 High Cross Blvd Columbus, OH 43235-5681","(40.116437, -83.01166789999999)",43235,39049-COLUMBUS 71-A
Sunnyside,43302-5982,185,367,-32.4,"46,592","49,352",76,"$53,833.00 ","$74,937.00 ",Verdant Creations Marion,326 James Way,Marion,Marion,2/15/2021,7/1/2025,7/2/2023,"326 James Way Marion, OH 43302-5982","(40.578403, -83.078712)",43302,39101-MARION TWP B
Ohio Cannabis Company,43323-9308,128,465,-56.2,529,578,85.5,"$52,163.00 ","$71,505.00 ","The Green Goat Dispensary, LLC",17043 County Highway 113,Harpster,Wyandot,3/15/2023,7/1/2025,3/15/2023,"17043 County Highway 113 Harpster, OH 43323-9308","(40.7392236, -83.2538072)",43323,39175-PITT TWP
Verdant Creations,43334-8712,236,673,-47.2,"5,791","6,263",,"$84,510.00 ","$104,587.00 ",VC5 Holdings LLC,876 State Route 61,Marengo,Morrow,8/10/2023,7/1/2025,8/10/2023,"876 State Route 61 Marengo, OH 43334-8712","(40.385153, -82.829081)",43334,39117-BENNINGTON TWP WEST
Zen Leaf Bowling Green,43402-1310,437,379,6.9,"29,656","31,012",,"$56,245.00 ","$79,631.00 ","Glass City Alternatives, LLC",1155 N Main St,Bowling Green,Wood,12/29/2020,7/1/2025,7/2/2023,"1155 N Main St Bowling Green, OH 43402-1310","(41.3935703, -83.65117409999999)",43402,39173-BOWLING GREEN 4-D
Nectar Medical Cannabis Dispensary,43402-4720,414,239,26.2,"29,656","31,012",75.4,"$56,245.00 ","$79,631.00 ","Nectar Markets of Ohio, LLC",1011 S Main St,Bowling Green,Wood,3/10/2023,7/1/2025,3/10/2023,"1011 S Main St Bowling Green, OH 43402-4720","(41.3595782, -83.6499769)",43402,39173-BOWLING GREEN 2-D
Terrasana,43420-4000,303,414,-15.2,"27,121","29,012",73.4,"$62,802.00 ","$76,882.00 ",BCR Retail Fremont LLC,1800 E State St,Fremont,Sandusky,10/19/2021,7/1/2025,7/2/2023,"1800 E State St Fremont, OH 43420-4000","(41.34239050000001, -83.0855019)",43420,39143-FREMONT CITY 3-B
Bloom Medicinals,43537-1608,521,456,6.6,"28,549","29,220",80.3,"$85,919.00 ","$114,669.00 ","127 OH, LLC",1238 Conant St,Maumee,Lucas,9/4/2019,7/1/2025,7/2/2023,"1238 Conant St Maumee, OH 43537-1608","(41.5713066, -83.65797049999999)",43537,39095-MAUMEE 09
Theory Wellness,43556-9001,92,250,-44,"1,706","1,746",78.7,"$67,500.00 ","$82,323.00 ","Theory Wellness of Ohio Retail, LLC",9915 Us Highway 127,Sherwood,Defiance,5/5/2023,7/1/2025,5/5/2023,"9915 Us Highway 127 Sherwood, OH 43556-9001","(41.29758, -84.55275100000001)",43556,39039-SHERWOOD VLG
WyldSkye,43607-1101,262,43,71.3,"18,647","19,809",,"$37,442.00 ","$49,920.00 ","Statewide Property Holdings Ohio, LLC",3534 Dorr St,Toledo,Lucas,5/2/2023,7/1/2025,5/2/2023,"3534 Dorr St Toledo, OH 43607-1101","(41.65311270000001, -83.627381)",43607,39095-TOLEDO 06F
RISE Toledo,43613-4131,375,234,22.8,"29,062","30,597",80.4,"$63,425.00 ","$73,506.00 ","GTI Ohio, LLC",3157 W Sylvania Ave,Toledo,Lucas,5/1/2019,7/1/2025,7/2/2023,"3157 W Sylvania Ave Toledo, OH 43613-4131","(41.6915087, -83.6203345)",43613,39095-TOLEDO 21E
Backroad Wellness,43725-8769,89,275,-50.7,"17,995","19,424",71.2,"$51,612.00 ","$66,899.00 ","SEO Natural Enterprises, LLC",5748 Glenn Hwy,Cambridge,Guernsey,3/30/2023,7/1/2025,3/30/2023,"5748 Glenn Hwy Cambridge, OH 43725-8769","(40.0116795, -81.63505099999999)",43725,39059-ADAMS B
Ohio Provisions,43812-8969,221,839,-57.6,"17,486","18,509",77.2,"$51,930.00 ","$63,989.00 ","Ohio Cannabis Clinic, LLC",23024 County Road 621 Ste 1,Coshocton,Coshocton,12/21/2021,7/1/2025,7/2/2023,"23024 County Road 621 Ste 1 Coshocton, OH 43812-8969","(40.2865604, -81.8633838)",43812,39031-JACKSON
Story of Coshocton,43812-1560,194,310,-22.7,"17,486","18,509",70.4,"$51,930.00 ","$63,989.00 ",Ohio Griz LLC,115 N 2nd St,Coshocton,Coshocton,5/25/2023,7/1/2025,5/25/2023,"115 N 2nd St Coshocton, OH 43812-1560","(40.274398, -81.8695151)",43812,39031-COSHOCTON 2-A
FRX Dispensary East Liverpool,43920-9059,195,341,-26.9,"19,068","20,850",72.1,"$50,820.00 ","$66,865.00 ","Farmaceutical RX 2, LLC",1865 Dresden Ave,East Liverpool,Columbiana,2/6/2019,7/1/2025,7/2/2023,"1865 Dresden Ave East Liverpool, OH 43920-9059","(40.6361952, -80.5848824)",43920,39029-E LIVERPOOL 3-B
Sunnyside,43953-3734,215,451,-35,"10,967","11,516",,"$73,648.00 ","$90,323.00 ","Cresco Labs Ohio, LLC",180 Main St,Wintersville,Jefferson,12/12/2018,7/1/2025,7/2/2023,"180 Main St Wintersville, OH 43953-3734","(40.3722122, -80.68889109999999)",43953,39081-WINTERSVILLE A
Ohio Valley Natural Relief,43953-4110,180,353,-32.3,"10,967","11,516",75.8,"$73,648.00 ","$90,323.00 ","GLP Ohio, LLC",840 Canton Rd,Wintersville,Jefferson,1/14/2019,7/1/2025,7/2/2023,"840 Canton Rd Wintersville, OH 43953-4110","(40.3903523, -80.7231733)",43953,39081-WINTERSVILLE D
Italian Herbs,44004-6336,167,212,-11.6,"28,838","30,709",73.6,"$49,507.00 ","$64,767.00 ",Italian Herbs LLC,2712 W Prospect Rd,Ashtabula,Ashtabula,4/12/2023,7/1/2025,4/12/2023,"2712 W Prospect Rd Ashtabula, OH 44004-6336","(41.8522211, -80.82040649999999)",44004,39007-SAYBROOK TWP 2
CREAM Apothecaries Ohio LLC,44035,444,397,5.5,"57,020","61,432",72.1,"$54,362.00 ","$70,012.00 ",CREAM Apothecaries Ohio LLC,914 Cleveland St,Elyria,Lorain ,5/31/2024,7/1/2025,5/31/2024,"914 Cleveland St Elyria, OH 44035","(41.3799443, -82.07017859999999)",44035,39093-ELYRIA CITY 7-B
FRX Elyria Craft Cannabis Medical Dispensary,44035-6313,331,282,7.7,"57,020","61,432",77.5,"$54,362.00 ","$70,012.00 ","NMG OH 1, LLC",709 Sugar Ln,Elyria,Lorain,10/11/2023,7/1/2025,10/11/2023,"709 Sugar Ln Elyria, OH 44035-6313","(41.3582867, -82.0735377)",44035,39093-ELYRIA CITY 1-D
RISE Lorain,44053-3607,469,353,13.8,"19,554","21,025",77.3,"$65,332.00 ","$81,259.00 ","GTI Ohio, LLC",1920 Cooper Foster Park Rd W,Lorain,Lorain,5/1/2019,7/1/2025,7/2/2023,"1920 Cooper Foster Park Rd W Lorain, OH 44053-3607","(41.4187088, -82.2012582)",44053,39093-LORAIN CITY 4-A
The Citizen by Klutch,44055-3610,186,255,-15.5,"17,815","19,867",,"$36,603.00 ","$49,833.00 ","Citizen Real Estate, LLC",5152 Grove Ave,Lorain,Lorain,1/11/2023,7/1/2025,1/11/2023,"5152 Grove Ave Lorain, OH 44055-3610","(41.4222306, -82.119941)",44055,39093-SHEFFIELD TWP EAST
Bloom Medicinals,44077-1294,210,374,-27.6,"53,534","57,428",79.1,"$80,692.00 ","$103,395.00 ","127 OH, LLC",382 Blackbrook Rd,Painesville,Lake,5/16/2019,7/1/2025,7/2/2023,"382 Blackbrook Rd Painesville, OH 44077-1294","(41.7241353, -81.2821546)",44077,39085-PAINESVILLE TWP J
,44092-1652,427,416,1.3,"16,568","17,210",76.7,"$67,907.00 ","$84,367.00 ","Greenleaf Apothecaries, LLC",30133 Euclid Ave,Wickliffe,Lake,10/1/2021,7/1/2025,7/2/2023,"30133 Euclid Ave Wickliffe, OH 44092-1652","(41.616153, -81.4617531)",44092,39085-WICKLIFFE CITY 3B
Insa,44092-2701,546,482,6.2,"16,568","17,210",79.9,"$67,907.00 ","$84,367.00 ","INSA Ohio, LLC",27751 Chardon Rd,Willoughby Hills,Lake,5/2/2023,7/1/2025,5/2/2023,"27751 Chardon Rd Willoughby Hills, OH 44092-2701","(41.5833927, -81.4845223)",44092,39085-WILLOUGHBY HILLS CITY CC
Shangri-La Dispensary,44103-1206,283,77,56.7,"12,241","13,336",79,"$24,219.00 ","$35,090.00 ","Shangri-La Cleveland, LLC",4618 Saint Clair Ave,Cleveland,Cuyahoga,8/28/2023,7/1/2025,8/28/2023,"4618 Saint Clair Ave Cleveland, OH 44103-1206","(41.5181012, -81.65989979999999)",44103,39035-CLEVELAND 10-I
Amplify,44118-1630,489,37,85,"23,168","23,983",,"$42,869.00 ","$78,322.00 ","Amplify CH, LLC",1782 Coventry Rd,Cleveland Heights,Cuyahoga,3/16/2022,7/1/2025,7/2/2023,"1782 Coventry Rd Cleveland Heights, OH 44118-1630","(41.5109934, -81.5802769)",44106,39035-CLEVELAND HEIGHTS 1-D
Rise Lakewood Madison,44107-5252,395,135,48.4,"46,574","50,047",,"$65,778.00 ","$92,084.00 ","GTI Ohio 2, LLC",11818 Madison Ave,Lakewood,Cuyahoga,12/18/2019,7/1/2025,7/2/2023,"11818 Madison Ave Lakewood, OH 44107-5252","(41.4771284, -81.7711908)",44107,39035-LAKEWOOD 4-G
RISE Lakewood Detroit,44107-3205,773,189,59.7,"46,574","50,047",,"$65,778.00 ","$92,084.00 ","GTI Ohio, LLC",18607 Detroit Ave,Lakewood,Cuyahoga,3/11/2020,7/1/2025,7/2/2023,"18607 Detroit Ave Lakewood, OH 44107-3205","(41.4813173, -81.82748769999999)",44107,39035-LAKEWOOD 1-E
Green Power,44107-6220,330,135,41.8,"36,199","39,854",77.9,"$54,790.00 ","$68,819.00 ","Green Power OH, LLC",13429 Lakewood Heights Blvd,Cleveland,Cuyahoga,6/3/2024,7/1/2025,6/3/2024,"13429 Lakewood Heights Blvd Cleveland, OH 44107-6220","(41.47026049999999, -81.78425469999999)",44111,39035-CLEVELAND 16-Q
The Landing Dispensary,44113-2525,942,323,48.5,"16,858","17,654",,"$70,140.00 ","$98,667.00 ","OPC Retail II, LLC",1978 W 3rd St,Cleveland,Cuyahoga,12/6/2022,7/1/2025,12/6/2022,"1978 W 3rd St Cleveland, OH 44113-2525","(41.4914582, -81.6893865)",44113,39035-CLEVELAND 03-L
,44114-3843,942,323,48.5,"6,893","7,409",79,"$45,400.00 ","$64,578.00 ","Greenleaf Apothecaries, LLC",3865 Lakeside Ave E,Cleveland,Cuyahoga,10/1/2021,7/1/2025,7/2/2023,"3865 Lakeside Ave E Cleveland, OH 44114-3843","(41.5181327, -81.6673804)",44114,39035-CLEVELAND 03-L
RISE Cleveland,44115-1210,191,23,77.1,"9,931","10,303",,"$21,293.00 ","$46,430.00 ","GTI Ohio, LLC",1222 Prospect Ave E,Cleveland,Cuyahoga,7/30/2019,7/1/2025,7/2/2023,"1222 Prospect Ave E Cleveland, OH 44115-1210","(41.4993775, -81.68202339999999)",44115,39035-CLEVELAND 05-R
Nectar Medical Cannabis Dispensary,44117-1022,547,106,67.1,"8,371","9,071",74.8,"$41,818.00 ","$56,075.00 ","Nectar Markets of Ohio, LLC",21100 Saint Clair Ave,Euclid,Cuyahoga,4/17/2023,7/1/2025,4/17/2023,"21100 Saint Clair Ave Euclid, OH 44117-1022","(41.5816901, -81.53416109999999)",44117,39035-EUCLID 2-C
Ayr Dispensary,44122,307,41,75.4,"35,336","36,105",,"$97,469.00 ","$153,781.00 ","Twice The Wellness, LLC","27900 Chagrin Blvd, Suites 900B and 900C",Woodmere,Cuyahoga,10/30/2023,7/1/2025,10/30/2023,"27900 Chagrin Blvd, Suites 900B and 900C Woodmere, OH 44122","(41.4619165, -81.4814662)",44122,39035-WOODMERE A
Terrasana,44125,599,249,40.7,"26,683","28,973",78.3,"$55,524.00 ","$69,806.00 ",BCR Retail Cleveland LLC,10500 Antenucci Blvd Ste 200,Garfield Heights,Cuyahoga,10/19/2021,7/1/2025,7/2/2023,"10500 Antenucci Blvd Ste 200 Garfield Heights, OH 44125","(41.41108029999999, -81.61121229999999)",44125,39035-GARFIELD HEIGHTS 5-B
Good River Wellness,44132-3409,448,24,89.1,"12,924","13,985",71.6,"$46,014.00 ","$58,375.00 ",Good River Wellness LLC,27101 Euclid Ave,Euclid,Cuyahoga,10/26/2023,7/1/2025,10/26/2023,"27101 Euclid Ave Euclid, OH 44132-3409","(41.5924212, -81.4951082)",44132,39035-EUCLID 3-C
Amplify,44146-1510,436,124,54.7,"28,021","29,200",77,"$53,049.00 ","$72,439.00 ",Amplify Bedford LLC,22803 Rockside Rd,Bedford,Cuyahoga,12/15/2023,7/1/2025,12/15/2023,"22803 Rockside Rd Bedford, OH 44146-1510","(41.4081693, -81.5228451)",44146,39035-BEDFORD 2-A
Curaleaf,44221-5179,379,309,10,"26,995","29,147",79.5,"$61,893.00 ","$75,862.00 ","Curaleaf Cuyahoga Falls, LLC",1220 Buchholzer Blvd Ste C,Cuyahoga Falls,Summit,12/30/2021,7/1/2025,7/2/2023,"1220 Buchholzer Blvd Ste C Cuyahoga Falls, OH 44221-5179","(41.1195356, -81.47098419999999)",44221,39153-CUYAHOGA FALLS 1-C
FRX Health,44223-1304,430,271,22.5,"17,478","18,139",80.1,"$89,046.00 ","$117,747.00 ",FRX Health of Cuyahoga Falls LLC,1682 State Rd,Cuyahoga Falls,Summit,12/19/2023,7/1/2025,12/19/2023,"1682 State Rd Cuyahoga Falls, OH 44223-1304","(41.1287556, -81.5088291)",44223,39153-CUYAHOGA FALLS 3-B
Bliss Ohio,44240-2540,250,45,67.9,"35,645","37,686",81.2,"$57,415.00 ","$78,082.00 ",Next-Level Operators LLC,331 E Main St,Kent,Portage,4/19/2023,7/1/2025,4/19/2023,"331 E Main St Kent, OH 44240-2540","(41.1540651, -81.3534592)",44240,39133-KENT 5-A
Supergood,44266-2259,290,258,5.8,"29,947","31,937",75.4,"$61,211.00 ","$78,762.00 ","Simple AG Ohio, LLC",554 N Chestnut St,Ravenna,Portage,4/4/2023,7/1/2025,4/4/2023,"554 N Chestnut St Ravenna, OH 44266-2259","(41.16522399999999, -81.2423075)",44266,39133-RAVENNA 2-C
Culture Cannabis Club,44306-3212,310,291,3.1,"18,851","20,958",75.5,"$41,105.00 ","$47,789.00 ","Culture Retail Partners of Ohio, Inc.",1568 E Archwood Ave,Akron,Summit,10/6/2023,7/1/2025,10/6/2023,"1568 E Archwood Ave Akron, OH 44306-3212","(41.0477249, -81.4708824)",44306,39153-AKRON 10-A
,44308-1719,83,27,50.5,"1,156","1,261",65.7,"$15,473.00 ","$74,850.00 ","Greenleaf Apothecaries, LLC",46 S Summit St,Akron,Summit,10/1/2021,7/1/2025,7/2/2023,"46 S Summit St Akron, OH 44308-1719","(41.08287929999999, -81.514403)",44308,39153-AKRON 01-B
Bloom Medicinals,44305-1115,190,140,14.8,"20,591","24,203",71.4,"$38,912.00 ","$51,538.00 ","127 OH, LLC",737 E North St,Akron,Summit,10/29/2019,7/1/2025,7/2/2023,"737 E North St Akron, OH 44305-1115","(41.087978, -81.4910733)",44310,39153-AKRON 02-A
ACA Dispensary,44425-2135,193,292,-20.2,"12,936","13,315",82.3,"$62,287.00 ","$84,058.00 ","B Cubed Operations Ohio, LLC",437 E Liberty St,Hubbard,Trumbull,12/19/2023,7/1/2025,12/19/2023,"437 E Liberty St Hubbard, OH 44425-2135","(41.1557063, -80.56158289999999)",44425,39155-HUBBARD CITY 1A
Green Leaf Therapy,44471-1949,115,114,0.4,"9,681","10,244",74,"$52,811.00 ","$67,617.00 ","Green Leaf Therapy, LLC",93 S Bridge St,Struthers,Mahoning,4/25/2023,7/1/2025,4/25/2023,"93 S Bridge St Struthers, OH 44471-1949","(41.057511, -80.5873809)",44471,39099-STRUTHERS CITY 1 A
,44484-5281,306,207,19,"20,283","21,439",70.4,"$65,435.00 ","$85,820.00 ","Green Leaf Medical of Ohio II, LLC",2932 Youngstown Rd SE,Warren,Trumbull,6/11/2021,7/1/2025,7/2/2023,"2932 Youngstown Rd SE Warren, OH 44484-5281","(41.220921, -80.7824096)",44484,39155-WARREN CITY 5F
Leaf Relief,44512-1509,260,85,50.3,"31,189","32,517",77.9,"$62,311.00 ","$79,107.00 ",QUEST WELLNESS OHIO II LLC,4323 Market St,Youngstown,Mahoning,6/20/2019,7/1/2025,7/2/2023,"4323 Market St Youngstown, OH 44512-1509","(41.0551925, -80.66223289999999)",44512,39099-YOUNGSTOWN CITY 6 D
Ratio,44663-9618,144,254,-26.9,"22,563","24,494",,"$62,383.00 ","$74,772.00 ",Ratio Cannabis LLC,1145 W High Ave,New Philadelphia,Tuscarawas,2/14/2023,7/1/2025,2/14/2023,"1145 W High Ave New Philadelphia, OH 44663-9618","(40.493513, -81.4684767)",44663,39157-NEW PHILA 1-A
The Citizen by Klutch,44702-1154,236,106,37.2,826,843,,"$13,159.00 ","$20,758.00 ","Citizen Real Estate, LLC",401 Cherry Ave NE,Canton,Stark,6/23/2023,7/1/2025,6/23/2023,"401 Cherry Ave NE Canton, OH 44702-1154","(40.799983, -81.37061609999999)",44702,39151-CANTON CITY 2-B
,44706-4025,328,525,-22.7,"15,360","16,445",75.9,"$55,474.00 ","$65,712.00 ","Greenleaf Apothecaries, LLC",3840 Greentree Ave SW,Canton,Stark,10/1/2021,7/1/2025,7/2/2023,"3840 Greentree Ave SW Canton, OH 44706-4025","(40.7542648, -81.4013093)",44706,39151-CANTON TWP 1
Ohio Cannabis Company,44706-4015,328,525,-22.7,"15,360","16,445",75.9,"$55,474.00 ","$65,712.00 ","The Green Goat Dispensary, LLC",4016 Greentree Ave SW,Canton,Stark,7/19/2023,7/1/2025,7/19/2023,"4016 Greentree Ave SW Canton, OH 44706-4015","(40.7518153, -81.4021145)",44706,39151-CANTON TWP 1
Zen Leaf Canton,44709-2815,368,279,13.6,"17,245","18,527",,"$53,144.00 ","$69,213.00 ","Mother Know's Best, LLC",3224 Cleveland Ave NW,Canton,Stark,6/30/2021,7/1/2025,7/2/2023,"3224 Cleveland Ave NW Canton, OH 44709-2815","(40.8342306, -81.3880125)",44709,39151-CANTON CITY 7-G
Firelands Scientific,44839-9173,326,399,-9.9,"11,929","12,460",78.8,"$77,377.00 ","$100,866.00 ","OPC RETAIL, LLC",2300 University Dr E,Huron,Erie,5/21/2021,7/1/2025,7/2/2023,"2300 University Dr E Huron, OH 44839-9173","(41.3963462, -82.58420389999999)",44839,39043-HURON CITY F
Ascend Dispensary Outlet,44870-5869,391,623,-22.5,"36,600","38,988",77.1,"$58,797.00 ","$75,184.00 ","Ohio Patient Access, LLC",6019 Milan Rd,Sandusky,Erie,11/29/2023,7/1/2025,11/29/2023,"6019 Milan Rd Sandusky, OH 44870-5869","(41.3961536, -82.6525218)",44870,39043-PERKINS TWP 02
,44870-5844,302,399,-13.7,"36,600","38,988",,"$58,797.00 ","$75,184.00 ","THE FOREST SANDUSKY, LLC",5020 Milan Rd,Sandusky,Erie,1/14/2019,7/1/2025,7/2/2023,"5020 Milan Rd Sandusky, OH 44870-5844","(41.40657580000001, -82.6614719)",44870,39043-PERKINS TWP 03
Thrive Wellness Dispensary,44883-2733,159,279,-26.9,"26,705","28,069",75.7,"$62,497.00 ","$79,745.00 ","Marimed OH, LLC",318 W Market St,Tiffin,Seneca,6/7/2023,7/1/2025,6/7/2023,"318 W Market St Tiffin, OH 44883-2733","(41.1136263, -83.191317)",44883,39147-TIFFIN 3-B
Queen City Cannabis Medical Dispensary,45030-7539,184,759,-60.1,"13,986","14,647",67.9,"$84,597.00 ","$121,249.00 ",Canoe Hill Ohio LLC,10140 Suspension Bridge Rd,Harrison,Hamilton,11/30/2023,7/1/2025,11/30/2023,"10140 Suspension Bridge Rd Harrison, OH 45030-7539","(39.1826118, -84.78932859999999)",45002,39061-WHITEWATER A
Ethos,45036-7323,189,605,-52,"36,294","38,127",81.4,"$97,944.00 ","$138,969.00 ","Therapeutic Healing Care II, LLC",1525 Genntown Dr Ste B5,Lebanon,Warren,4/25/2022,7/1/2025,7/2/2023,"1525 Genntown Dr Ste B5 Lebanon, OH 45036-7323","(39.4564848, -84.1753939)",45036,39165-TURTLECREEK TWP D
,45050-1495,333,589,-27.3,"11,765","12,005",79,"$104,519.00 ","$112,283.00 ","Cannascend Alternative, LLC",300 N Main St,Monroe,Butler,6/30/2021,7/1/2025,7/2/2023,"300 N Main St Monroe, OH 45050-1495","(39.4484637, -84.3566989)",45050,39017-MONROE CITY 1
The Landing Dispensary,45050,246,535,-36.4,"11,765","12,005",73.3,"$104,519.00 ","$112,283.00 ",Deaver Ohio LLC,1312 SR-63,Monroe,Warren,5/16/2023,7/1/2025,5/16/2023,"1312 SR-63 Monroe, OH 45050","(39.4401656, -84.3288864)",45050,39165-TURTLECREEK TWP L
Shangri-La Dispensary,45050-3200,333,589,-27.3,"11,765","12,005",79,"$104,519.00 ","$112,283.00 ","Shangri-La Dispensary Ohio, LLC",100 Clarence F Warner Dr,Monroe,Butler,7/5/2023,7/1/2025,7/5/2023,"100 Clarence F Warner Dr Monroe, OH 45050-3200","(39.4422693, -84.3436777)",45050,39017-MONROE CITY 1
Shangri-La Dispensary,45050-1883,246,535,-36.4,"11,765","12,005",,"$104,519.00 ","$112,283.00 ","Shangri-La Monroe West, LLC",211 Brooks Dr,Monroe,Butler,5/23/2023,7/1/2025,5/23/2023,"211 Brooks Dr Monroe, OH 45050-1883","(39.440844, -84.32837599999999)",45050,39165-TURTLECREEK TWP L
Consume Oxford,45056-8006,398,121,52.7,"26,555","27,366",80.2,"$53,413.00 ","$78,944.00 ",LMTT LLC,3620 Southpoint Pkwy,Oxford,Butler,2/6/2023,7/1/2025,2/6/2023,"3620 Southpoint Pkwy Oxford, OH 45056-8006","(39.490565, -84.72086999999999)",45056,39017-OXFORD CITY 04
Pure Iconic,45056-1047,369,234,21.9,"26,555","27,366",79.6,"$53,413.00 ","$78,944.00 ","RJK Holdings of Ohio, LLC",5280 College Corner Pike,Oxford,Butler,4/27/2023,7/1/2025,4/27/2023,"5280 College Corner Pike Oxford, OH 45056-1047","(39.5202457, -84.7588712)",45056,39017-OXFORD CITY 09
Bloom Medicinals,45011,59,202,-54.2,622,667,74.8,"$53,552.00 ","$67,507.00 ","127 OH, LLC",403 S Main St,Seven Mile,Butler,9/10/2019,7/1/2025,7/2/2023,"403 S Main St Seven Mile, OH 45011","(39.4745578, -84.5490636)",45062,39017-ST CLAIR TWP 2
Ayr Wellness,45122-9249,141,559,-59.4,"10,180","11,195",76.9,"$62,500.00 ","$70,513.00 ","Heaven Wellness, LLC",6722 State Route 132,Goshen,Clermont,11/1/2023,7/1/2025,11/1/2023,"6722 State Route 132 Goshen, OH 45122-9249","(39.2300472, -84.1631329)",45122,39025-GOSHEN TWP A
Verilife,45133-8500,172,422,-41.3,"21,046","23,260",75,"$58,813.00 ","$71,667.00 ","PharmaCann Hillsboro, LLC",1098 N High St,Hillsboro,Highland,1/22/2021,7/1/2025,7/2/2023,"1098 N High St Hillsboro, OH 45133-8500","(39.2189318, -83.608121)",45133,39071-HILLSBORO 1 NE
Uplift,45150-2589,221,229,-1.7,"31,238","32,938",82.8,"$91,780.00 ","$116,737.00 ","Cascade Southern Ohio, LLC",401 Rivers Edge,Milford,Clermont,4/19/2023,7/1/2025,4/19/2023,"401 Rivers Edge Milford, OH 45150-2589","(39.16128399999999, -84.270353)",45150,39025-MILFORD CITY E
Uplift,45154-0296,151,645,-61.3,"8,391","9,094",,"$77,345.00 ","$85,503.00 ","Cascade Southern Ohio, LLC",101 Mercy Blvd,Mount Orab,Brown,1/18/2023,7/1/2025,1/18/2023,"101 Mercy Blvd Mount Orab, OH 45154-0296","(39.044246, -83.94090530000001)",45154,39015-STERLING TWP SOUTH
Ascend Dispensary Outlet,45202-2216,857,101,77.6,"15,465","16,340",,"$87,930.00 ","$124,663.00 ","Ohio Patient Access, LLC",830 Reedy St,Cincinnati,Hamilton,1/3/2024,7/1/2025,1/3/2024,"830 Reedy St Cincinnati, OH 45202-2216","(39.1068452, -84.5052777)",45202,39061-CINCINNATI 06-D
Story of Cincinnati,45209-1928,770,355,36,"10,028","10,601",75.5,"$87,841.00 ","$122,191.00 ","Canoe Hill Ohio 2, LLC",3950 Edwards Rd,Cincinnati,Hamilton,9/7/2023,7/1/2025,9/7/2023,"3950 Edwards Rd Cincinnati, OH 45209-1928","(39.1516166, -84.44196939999999)",45209,39061-CINCINNATI 04-H
Story of Cincinnati II,45209-1928,770,355,36,"10,028","10,601",75.5,"$87,841.00 ","$122,191.00 ",Heritage Wellness Ohio LLC,3944 Edwards Rd,Cincinnati,Hamilton,8/22/2023,7/1/2025,8/22/2023,"3944 Edwards Rd Cincinnati, OH 45209-1928","(39.1513591, -84.4419022)",45209,39061-CINCINNATI 04-H
Nectar Medical Cannabis Dispensary,45211-6832,379,245,21,"33,926","36,671",76.2,"$54,582.00 ","$70,902.00 ","Nectar Markets of Ohio, LLC",3405 Werk Rd,Cincinnati,Hamilton,5/15/2023,7/1/2025,5/15/2023,"3405 Werk Rd Cincinnati, OH 45211-6832","(39.1409372, -84.61715149999999)",45211,39061-CINCINNATI 26-G
The Landing Dispensary,45209-1923,411,327,11.2,"18,798","20,829",73.4,"$63,698.00 ","$82,143.00 ",Aron OH LLC,4029 Smith Rd,Cincinnati,Hamilton,9/28/2023,7/1/2025,9/28/2023,"4029 Smith Rd Cincinnati, OH 45209-1923","(39.1515102, -84.4462653)",45212,39061-NORWOOD 2-C
Queen City Cannabis Medical Dispensary,45212-3739,503,315,22.3,"18,798","20,829",74.2,"$63,698.00 ","$82,143.00 ","Canoe Hill Ohio 3, LLC",3764 Montgomery Rd,Norwood,Hamilton,1/10/2024,7/1/2025,1/10/2024,"3764 Montgomery Rd Norwood, OH 45212-3739","(39.1481057, -84.46595339999999)",45212,39061-NORWOOD 2-B
Sunnyside,45213-2617,779,213,56.3,"10,625","11,183",,"$70,897.00 ","$96,142.00 ",Care Med Associates LLC,5149 Kennedy Ave,Cincinnati,Hamilton,2/15/2021,7/1/2025,7/2/2023,"5149 Kennedy Ave Cincinnati, OH 45213-2617","(39.1668757, -84.42108259999999)",45213,39061-CINCINNATI 02-A
Verilife,45213-2513,778,158,65.3,"10,625","11,183",72.9,"$70,897.00 ","$96,142.00 ","Pharmacann Ohio, LLC",5431 Ridge Ave,Cincinnati,Hamilton,9/4/2019,7/1/2025,7/2/2023,"5431 Ridge Ave Cincinnati, OH 45213-2513","(39.1712411, -84.4279158)",45213,39061-CINCINNATI 14-H
Zen Leaf Cincinnati,45216-1116,604,402,19.7,"7,934","9,415",73.5,"$51,602.00 ","$69,697.00 ","GreenRx, LLC",8420 Vine St,Cincinnati,Hamilton,7/1/2021,7/1/2025,7/2/2023,"8420 Vine St Cincinnati, OH 45216-1116","(39.216159, -84.473405)",45216,39061-CINCINNATI 24-G
BEYOND / HELLO,45245,269,460,-25.8,"27,378","28,689",78.4,"$108,413.00 ","$157,965.00 ",Campbell Hill Ventures LLC,693 Old State Route 74,Cincinnati,Clermont,12/29/2022,7/1/2025,12/29/2022,"693 Old State Route 74 Cincinnati, OH 45245","(39.105528, -84.2853452)",45244,39025-UNION TWP G
The Forest Cincinnati,45244-2201,151,320,-34.8,"27,378","28,689",76.3,"$108,413.00 ","$157,965.00 ","The Forest Cincinnati, LLC",4412 Mount Carmel Tobasco Rd,Cincinnati,Clermont,8/28/2023,7/1/2025,8/28/2023,"4412 Mount Carmel Tobasco Rd Cincinnati, OH 45244-2201","(39.0967213, -84.30001910000001)",45244,39025-UNION TWP X
Ascend Dispensary Outlet,45356-4114,137,485,-55.2,"23,666","24,937",75,"$66,134.00 ","$74,100.00 ","Ohio Patient Access, LLC",1206 Recker Rd,Piqua,Miami,12/22/2023,7/1/2025,12/22/2023,"1206 Recker Rd Piqua, OH 45356-4114","(40.1504445, -84.2159338)",45356,39109-SPRINGCREEK EAST
Ohio Cannabis Company,45356-8504,189,324,-25.9,"23,666","24,937",75,"$66,134.00 ","$74,100.00 ","The Green Goat Dispensary, LLC",8866 N County Road 25a,Piqua,Miami,6/1/2023,7/1/2025,6/1/2023,"8866 N County Road 25a Piqua, OH 45356-8504","(40.1660163, -84.226871)",45356,39109-PIQUA 4-D/E
,45410-1115,482,122,58.1,"8,561","9,197",,"$45,386.00 ","$66,325.00 ","Cannascend Alternative, LLC",333 Wayne Ave,Dayton,Montgomery,6/30/2021,7/1/2025,7/2/2023,"333 Wayne Ave Dayton, OH 45410-1115","(39.7564218, -84.1817942)",45402,39113-DAYTON 23-A
Off the Charts,45406,396,23,87.1,"18,378","20,083",73.7,"$43,241.00 ","$64,568.00 ",OTC Ohio LLC,3145 Salem Ave,Dayton,Montgomery,4/11/2024,7/1/2025,4/11/2024,"3145 Salem Ave Dayton, OH 45406","(39.7905886, -84.2408286)",45406,39113-DAYTON 16-B
Guaranteed Dispensary,45410-2133,371,281,13.5,"14,043","15,547",72.8,"$46,766.00 ","$57,807.00 ","Guaranteed Investments OH, LLC",1910 Wayne Ave,Dayton,Montgomery,5/12/2023,7/1/2025,5/12/2023,"1910 Wayne Ave Dayton, OH 45410-2133","(39.74316350000001, -84.1669671)",45410,39113-DAYTON 08-D
Pure Ohio Wellness,45414-3805,296,209,17.1,"19,252","20,378",69.7,"$53,824.00 ","$77,245.00 ","Pure Ohio Dayton, LLC",1875 Needmore Rd,Dayton,Montgomery,11/4/2019,7/1/2025,7/2/2023,"1875 Needmore Rd Dayton, OH 45414-3805","(39.8199092, -84.2018971)",45414,39113-DAYTON 03-D
Green Releaf,45417-4130,427,22,88.4,"25,137","27,082",71,"$35,027.00 ","$49,202.00 ",GRD Ohio LLC,3620 Germantown St,Dayton,Montgomery,4/4/2023,7/1/2025,4/4/2023,"3620 Germantown St Dayton, OH 45417-4130","(39.7339648, -84.2520471)",45417,39113-DAYTON 14-D
Mavuno,45430-1951,206,276,-14.3,"6,899","7,014",78.5,"$107,500.00 ","$125,584.00 ","Harvest of Ohio, LLC",4370 Tonawanda Trl,Beavercreek,Greene,9/21/2021,7/1/2025,7/2/2023,"4370 Tonawanda Trl Beavercreek, OH 45430-1951","(39.6975629, -84.0999027)",45430,39057-BEAVERCREEK 012
Ayr Dispensary,45431-1374,446,515,-6.9,"24,007","25,501",74.2,"$80,058.00 ","$96,748.00 ","Daily Releaf, LLC",4918 Airway Rd,Riverside,Montgomery,11/8/2023,7/1/2025,11/8/2023,"4918 Airway Rd Riverside, OH 45431-1374","(39.7693486, -84.1206875)",45431,39113-RIVERSIDE C
Zen Leaf Dayton,45431-1506,312,260,8.9,"24,007","25,501",,"$80,058.00 ","$96,748.00 ","Mad River Remedies, LLC",5604 Airway Rd,Riverside,Montgomery,7/8/2021,7/1/2025,7/2/2023,"5604 Airway Rd Riverside, OH 45431-1506","(39.77075869999999, -84.10603379999999)",45431,39113-PAGE MANOR
,45504-2835,209,328,-21.6,"15,157","16,253",69.6,"$67,334.00 ","$90,006.00 ","The Forest Springfield, LLC",1711 W Main St,Springfield,Clark,10/29/2020,7/1/2025,7/2/2023,"1711 W Main St Springfield, OH 45504-2835","(39.9258381, -83.8386541)",45504,39023-SPRINGFIELD CITY 15
Terrasana,45506-3556,328,549,-24.6,"12,313","13,286",76.5,"$40,132.00 ","$59,624.00 ",BCR Retail Springfield LLC,183 Raydo Cir,Springfield,Clark,10/19/2021,7/1/2025,7/2/2023,"183 Raydo Cir Springfield, OH 45506-3556","(39.89326080000001, -83.816768)",45506,39023-SPRINGFIELD TWP 03
Sunnyside,45601-4106,247,622,-42.6,"48,421","51,492",73.2,"$57,430.00 ","$76,989.00 ",Verdant Creations Chillicothe,1641 N Bridge St,Chillicothe,Ross,2/15/2021,7/1/2025,7/2/2023,"1641 N Bridge St Chillicothe, OH 45601-4106","(39.3696288, -82.9755812)",45601,39141-SPRINGFIELD NORTH
Herbal Wellness Center,45640-8551,152,399,-44.5,"15,205","16,156",,"$62,813.00 ","$82,398.00 ","Jackson Pharm, LLC",3 Acy Ave Ste A,Jackson,Jackson,12/12/2022,7/1/2025,7/2/2023,"3 Acy Ave Ste A Jackson, OH 45640-8551","(39.0349267, -82.6028128)",45640,39079-LICK II
Backroad Wellness,45662-4912,159,235,-19,"25,143","26,436",72.2,"$37,345.00 ","$57,022.00 ","SEO Natural Enterprises, LLC",3210 Rhodes Ave,New Boston,Scioto,6/21/2023,7/1/2025,6/21/2023,"3210 Rhodes Ave New Boston, OH 45662-4912","(38.744287, -82.9493756)",45662,39145-NEW BOSTON 1-A
Southern Ohio Botanicals,45690-9338,118,253,-35.8,"12,795","13,250",77.3,"$48,201.00 ","$80,475.00 ",Southern Ohio Botanicals LLC,15451 Us Highway 23,Waverly,Pike,5/19/2023,7/1/2025,5/19/2023,"15451 Us Highway 23 Waverly, OH 45690-9338","(39.125625, -82.9875911)",45690,39131-WAVERLY WARD 5 GOVT CENTER
Debbie's Dispensary,45701-3703,389,128,49.6,"31,761","33,238",80.7,"$49,604.00 ","$79,475.00 ","Big Perm?s Dispensary Ohio, LLC",544 Richland Ave,Athens,Athens,8/14/2023,7/1/2025,8/14/2023,"544 Richland Ave Athens, OH 45701-3703","(39.3034457, -82.1023381)",45701,39009-ATHENS 2-3
Mavuno of Athens,45701-9410,367,83,62,"31,761","33,238",75.9,"$49,604.00 ","$79,475.00 ","The Mavuno Group, LLC",711 W Union St,Athens,Athens,9/1/2021,7/1/2025,7/2/2023,"711 W Union St Athens, OH 45701-9410","(39.3288892, -82.12832929999999)",45701,39009-ATHENS 1-3
,45750-3214,286,317,-5,"24,487","25,988",74.6,"$56,883.00 ","$87,924.00 ","Cannascend Alternative, LLC",414 Greene St,Marietta,Washington,6/30/2021,7/1/2025,7/2/2023,"414 Greene St Marietta, OH 45750-3214","(39.4134632, -81.4469323)",45750,39167-MARIETTA 1A
Backroad Wellness,45804-3173,103,340,-52.8,"12,933","14,070",69.1,"$42,594.00 ","$59,158.00 ","SEO Natural Enterprises, LLC",1503 Harding Hwy,Lima,Allen,3/30/2023,7/1/2025,3/30/2023,"1503 Harding Hwy Lima, OH 45804-3173","(40.7312011, -84.0783141)",45804,39003-BATH I (0055)
Ohio Holistic Health LLC,45833-1417,47,196,-60.6,"10,390","10,676",77.5,"$66,919.00 ","$82,351.00 ",Ohio Holistic Health LLC,215 W 5th St,Delphos,Van Wert,4/10/2024,7/1/2025,4/10/2024,"215 W 5th St Delphos, OH 45833-1417","(40.8466226, -84.3416532)",45833,39161-DELPHOS 4A
Verilife,45895-7757,135,325,-40.5,"17,173","17,817",76,"$72,965.00 ","$87,477.00 ","Eagle Dispensaries 2, LLC",502 N Dixie Hwy,Wapakoneta,Auglaize,1/22/2021,7/1/2025,7/2/2023,"502 N Dixie Hwy Wapakoneta, OH 45895-7757","(40.575133, -84.1832079)",45895,39011-WAPAKONETA 2A
